time,latitude,longitude,depth,mag,magType,nst,gap,dmin,rms,net,id,updated,place,type,horizontalError,depthError,magError,magNst,status,locationSource,magSource
2021-09-21T06:12:55.997Z,48.7634,-129.0865,10,4.5,mwr,,147,0.804,0.69,us,us7000fd2r,2021-12-03T15:01:40.040Z,"236 km WSW of Tofino, Canada",earthquake,7.8,2,,,reviewed,us,pgc
2020-12-25T17:13:47.265Z,50.6013,-130.1077,10,4.7,mwr,,125,1.258,1.01,us,us6000d2zn,2021-03-09T18:33:28.040Z,"213 km W of Port McNeill, Canada",earthquake,4.4,1.6,0.089,12,reviewed,us,us
2020-10-05T10:47:32.257Z,47.5671,-128.9743,10,4.6,mwr,,107,1.824,0.97,us,us6000c5n5,2020-12-12T22:28:40.040Z,"287 km SW of Tofino, Canada",earthquake,6.7,1.7,,,reviewed,us,pgc
2020-07-22T11:33:24.746Z,49.0995,-129.0303,10,5,mwr,,79,1.648,0.68,us,us7000at13,2020-10-04T17:50:53.470Z,"216 km SW of Port McNeill, Canada",earthquake,6.7,1.8,0.056,31,reviewed,us,us
2020-05-23T02:14:51.372Z,50.4322,-129.5266,10,5.2,mww,,142,0.913,0.95,us,us70009nx6,2020-08-08T18:17:52.040Z,"173 km W of Port McNeill, Canada",earthquake,3.4,1.8,0.037,69,reviewed,us,us
2020-05-10T04:46:01.644Z,49.5422,-127.6367,10,4.8,mwr,,134,1.144,1.27,us,us70009dld,2020-07-29T22:14:26.040Z,"106 km WSW of Vernon, Canada",earthquake,5.3,1.8,,,reviewed,us,pgc
2020-02-14T11:17:05.412Z,51.5494,-130.9734,10,4.6,mwr,,152,0.757,1.06,us,us70007pya,2020-05-02T22:09:49.040Z,"292 km WNW of Port McNeill, Canada",earthquake,6.2,1.9,0.068,21,reviewed,us,us
2020-01-24T21:35:29.100Z,48.5488,-125.1845,10,4.5,mwr,,57,0.286,1.16,us,us60007f42,2020-04-11T18:20:45.040Z,"46 km WNW of Neah Bay, Washington",earthquake,3.6,1.8,0.05,39,reviewed,us,us
2020-01-08T20:20:41.902Z,50.9158,-129.9784,10,4.6,mwr,,151,1.203,0.51,us,us70006wis,2020-04-02T21:27:53.040Z,"207 km W of Port McNeill, Canada",earthquake,7.9,1.9,,,reviewed,us,pgc
2019-12-25T20:38:52.559Z,50.9158,-130.2782,10,4.5,mb,,148,1.389,1.34,us,us70006r1m,2020-03-14T22:24:43.040Z,"228 km W of Port McNeill, Canada",earthquake,5.8,1.9,0.032,280,reviewed,us,us
2019-12-25T03:36:01.626Z,50.6106,-129.963,6.58,6.3,mww,,77,1.853,0.67,us,us70006qt7,2020-03-14T22:25:03.040Z,"203 km W of Port McNeill, Canada",earthquake,7.2,1.3,0.032,95,reviewed,us,us
2019-12-23T23:38:28.951Z,50.6964,-129.7652,10,4.9,mwr,,138,1.04,0.74,us,us70006qcr,2020-03-07T17:47:54.040Z,"Vancouver Island, Canada region",earthquake,5.4,1.9,,,reviewed,us,pgc
2019-12-23T20:56:23.555Z,50.5169,-129.7573,10,6,mww,,99,1.042,1.05,us,us70006q96,2020-03-07T17:47:53.040Z,"189 km W of Port McNeill, Canada",earthquake,5.7,1.8,0.038,66,reviewed,us,us
2019-12-23T19:49:43.086Z,50.6071,-129.9372,10,6,mww,,100,1.149,1.06,us,us70006q8n,2020-03-07T17:47:53.040Z,"201 km W of Port McNeill, Canada",earthquake,4.4,1.8,0.03,106,reviewed,us,us
2019-12-23T19:13:25.075Z,50.543,-129.8328,10,5.7,mww,,116,1.087,0.93,us,us70006q8f,2020-03-07T17:47:52.040Z,"194 km W of Port McNeill, Canada",earthquake,3.3,1.7,0.032,92,reviewed,us,us
2019-12-23T16:44:13.789Z,50.5667,-129.7193,10,5.2,mww,,147,1.907,0.59,us,us70006q6p,2020-03-07T17:47:51.040Z,"186 km W of Port McNeill, Canada",earthquake,2.4,1.9,0.039,62,reviewed,us,us
2019-11-09T18:58:41.133Z,52.7482,-132.3173,15.48,4.6,mwr,,114,0.449,1.22,us,us600069rt,2020-02-01T23:22:12.040Z,"218 km SW of Prince Rupert, Canada",earthquake,4.4,3.8,,,reviewed,us,pgc
2019-07-12T09:51:38.340Z,47.87283333,-122.0163333,28.82,4.58,ml,75,37,,0.44,uw,uw61535372,2020-12-16T03:06:17.822Z,"2 km S of Roosevelt, Washington",earthquake,0.53,0.88,0.175257669,49,reviewed,uw,uw
2019-07-05T13:02:16.544Z,51.2999,-130.6153,10,4.6,mb,,111,1.058,0.97,us,us70004b0c,2019-09-26T14:30:20.040Z,"260 km WNW of Port McNeill, Canada",earthquake,7.1,1.9,0.091,36,reviewed,us,us
2019-07-05T12:58:27.988Z,51.3441,-130.5744,9,5.6,mww,,69,1.026,0.72,us,us70004b08,2019-09-26T14:30:20.040Z,"258 km WNW of Port McNeill, Canada",earthquake,5.6,1.8,0.042,55,reviewed,us,us
2019-07-05T12:51:38.635Z,51.4142,-130.5286,10,4.7,mwr,,140,0.973,0.75,us,us70004b04,2019-09-26T14:30:19.040Z,"258 km WNW of Port McNeill, Canada",earthquake,5.9,1.9,0.098,10,reviewed,us,us
2019-07-04T04:30:44.424Z,51.2369,-130.5005,10,6.2,mww,,70,1.143,1.01,us,us700049sf,2019-09-26T14:30:08.040Z,"250 km WNW of Port McNeill, Canada",earthquake,6.6,1.8,0.026,143,reviewed,us,us
2019-04-22T21:44:41.970Z,50.2225,-130.1725,10,5.5,mww,,81,1.369,0.84,us,us70003afb,2019-06-26T20:55:16.040Z,"223 km WSW of Port McNeill, Canada",earthquake,5,1.8,0.028,127,reviewed,us,us
2019-04-22T20:26:58.361Z,50.3153,-130.0769,8.34,4.9,mww,,160,1.283,1.26,us,us70003adv,2019-06-26T20:55:15.040Z,"214 km W of Port McNeill, Canada",earthquake,7.5,2.6,0.062,25,reviewed,us,us
2019-02-14T00:34:43.730Z,50.7098,-130.0867,10,5.3,mww,,144,1.244,0.74,us,usd0009e9t,2019-05-01T22:01:16.040Z,"212 km W of Port McNeill, Canada",earthquake,5.5,1.8,0.03,108,reviewed,us,us
2019-01-17T03:23:44.360Z,50.7626,-129.6421,10,4.9,mwr,,201,0.967,0.82,us,us2000j4vi,2019-04-05T21:40:59.040Z,"181 km W of Port McNeill, Canada",earthquake,7.6,2,,,reviewed,us,pgc
2018-12-09T18:14:23.930Z,49.0242,-128.5416,10,4.6,mwr,,174,1.639,1.31,us,us1000i5dt,2019-02-16T19:52:34.040Z,"192 km W of Tofino, Canada",earthquake,5.9,2,,,reviewed,us,pgc
2018-12-09T17:48:40.940Z,48.9734,-128.7003,10,4.6,mwr,,164,1.708,1.18,us,us1000i5di,2019-02-16T19:52:34.040Z,"205 km W of Tofino, Canada",earthquake,7.9,2,,,reviewed,us,pgc
2018-12-09T16:20:13.320Z,49.0257,-128.8745,10,5.4,mww,,163,1.686,1.05,us,us1000i5cf,2019-02-16T19:52:34.040Z,"213 km WSW of Vernon, Canada",earthquake,7.7,1.9,0.04,59,reviewed,us,us
2018-12-01T07:33:47.180Z,50.0974,-129.4077,10,4.7,mwr,,179,0.98,0.74,us,us1000hzc2,2019-02-09T19:02:16.040Z,"174 km WSW of Port McNeill, Canada",earthquake,6.2,1.9,,,reviewed,us,pgc
2018-11-01T04:22:19.760Z,49.3356,-129.3083,10,4.9,mww,,84,1.51,0.83,us,us2000i53f,2019-01-21T14:29:42.040Z,"211 km SW of Port McNeill, Canada",earthquake,7.2,1.9,0.039,63,reviewed,us,us
2018-10-22T16:27:00.900Z,49.0689,-128.9922,10,5.2,mww,,80,1.668,1.01,us,us1000hfn8,2019-01-10T17:18:33.040Z,"217 km SW of Port McNeill, Canada",earthquake,6.8,1.9,0.04,60,reviewed,us,us
2018-10-22T14:00:00.670Z,49.3069,-129.4995,10,4.6,mb,,163,1.6,0.79,us,us1000hflf,2019-01-10T17:18:33.040Z,"224 km SW of Port McNeill, Canada",earthquake,7,1.9,0.035,237,reviewed,us,us
2018-10-22T06:36:07.090Z,49.3296,-129.6659,10,4.9,mb,,85,1.643,0.93,us,us1000hfhb,2019-01-10T17:18:33.040Z,"232 km SW of Port McNeill, Canada",earthquake,6.3,1.8,0.039,209,reviewed,us,us
2018-10-22T06:31:45.180Z,49.5072,-129.0661,10,4.5,mb,,170,1.283,0.95,us,us1000hh2v,2019-01-10T17:18:36.040Z,"186 km SW of Port McNeill, Canada",earthquake,8.4,2,0.11,24,reviewed,us,us
2018-10-22T06:22:48.120Z,49.297,-129.7237,10,6.5,mww,,68,1.692,0.71,us,us1000hfh3,2019-01-10T17:18:33.040Z,"237 km SW of Port McNeill, Canada",earthquake,3.3,1.7,0.071,19,reviewed,us,us
2018-10-22T06:16:26.450Z,49.3346,-129.289,10,6.8,mww,,36,1.505,1.09,us,us1000hfgv,2020-08-15T02:48:52.834Z,"210 km SW of Port McNeill, Canada",earthquake,6,1.8,0.042,55,reviewed,us,us
2018-10-22T05:39:39.590Z,49.2586,-129.4124,10,6.5,mww,,63,1.611,0.94,us,us1000hfgn,2019-01-10T17:18:33.040Z,"223 km SW of Port McNeill, Canada",earthquake,4.4,1.5,0.046,46,reviewed,us,us
2018-08-21T13:10:07.490Z,50.8522,-130.1495,10,4.9,mwr,,156,1.298,0.8,us,us1000gel7,2018-11-01T17:50:53.040Z,"218 km W of Port McNeill, Canada",earthquake,5.8,1.9,,,reviewed,us,pgc
2018-05-10T06:36:20.090Z,49.0313,-128.8761,10,4.5,mwr,,162,1.681,0.75,us,us1000e1t4,2018-08-08T15:20:00.040Z,"213 km WSW of Vernon, Canada",earthquake,5.9,2,,,reviewed,us,pgc
2018-03-16T02:56:20.910Z,48.9633,-129.8448,15.95,4.6,mwr,,185,1.113,0.77,us,us1000d53z,2018-06-11T21:53:47.040Z,"268 km SW of Port McNeill, Canada",earthquake,6.4,7.1,,,reviewed,us,pgc
2018-03-01T18:35:37.950Z,50.8834,-129.8538,10,4.6,mwr,,166,1.119,0.92,us,us2000d9u5,2018-05-27T01:06:07.040Z,"198 km W of Port McNeill, Canada",earthquake,8.9,2,,,reviewed,us,pgc
2018-01-14T19:10:55.150Z,50.6375,-129.8723,10,4.7,mwr,,167,1.107,1.37,us,us2000cjjd,2018-04-03T01:40:31.040Z,"197 km W of Port McNeill, Canada",earthquake,3.8,2,,,reviewed,us,pgc
2018-01-14T18:54:04.660Z,50.6958,-129.8531,10,4.5,mwr,,171,1.095,1.33,us,us2000cjj9,2018-04-03T01:40:31.040Z,"196 km W of Port McNeill, Canada",earthquake,4.5,1.8,,,reviewed,us,pgc
2017-12-17T04:11:10.260Z,50.2535,-129.7614,10,4.7,mwr,,179,1.11,0.91,us,us2000c5cg,2018-03-14T00:58:20.040Z,"193 km WSW of Port McNeill, Canada",earthquake,3.4,1.9,,,reviewed,us,pgc
2017-12-04T03:51:44.180Z,50.595,-129.9469,10,4.8,mwr,,156,1.156,1.1,us,us1000bks1,2018-02-28T02:32:25.040Z,"202 km W of Port McNeill, Canada",earthquake,6.7,1.9,0.078,16,reviewed,us,us
2017-11-21T09:47:09.380Z,49.3777,-129.5926,10,4.9,mwr,,168,1.576,1.46,us,us2000bs8b,2018-02-14T02:01:08.040Z,"224 km SW of Port McNeill, Canada",earthquake,5.6,1.9,,,reviewed,us,pgc
2017-11-13T18:37:32.990Z,49.5463,-129.3459,10,4.5,mwr,,177,1.345,0.99,us,us2000bmsh,2018-02-06T02:45:32.040Z,"199 km SW of Port McNeill, Canada",earthquake,5.1,2,,,reviewed,us,pgc
2017-10-11T09:26:07.760Z,48.3763,-127.9431,10,4.5,mwr,,161,1.367,0.96,us,us1000aq3b,2018-01-09T02:14:55.040Z,"172 km WSW of Tofino, Canada",earthquake,3.7,1.9,,,reviewed,us,pgc
2017-06-10T20:38:18.560Z,50.6602,-130.0913,10,4.8,mwr,,115,1.246,0.9,us,us20009lss,2017-08-16T02:42:23.040Z,"212 km W of Port McNeill, Canada",earthquake,5.3,1.8,0.065,23,reviewed,us,us
2017-02-24T12:28:24.830Z,49.6697,-129.1491,10,5.2,mww,,140,1.171,0.94,us,us20008m0k,2017-05-17T01:19:38.040Z,"179 km SW of Port McNeill, Canada",earthquake,3.7,1.7,,,reviewed,us,us
2017-02-23T06:29:21.150Z,49.5603,-129.4659,10,4.5,mwr,,179,1.38,0.77,us,us20008lpj,2017-05-17T01:19:36.040Z,"205 km SW of Port McNeill, Canada",earthquake,5.1,1.8,,,reviewed,us,pgc
2017-02-23T06:04:58.100Z,49.7062,-129.2457,10,5.1,mww,,154,1.177,0.73,us,us20008lph,2017-05-17T01:19:36.040Z,"182 km WSW of Port McNeill, Canada",earthquake,7.9,1.9,0.039,64,reviewed,us,us
2017-02-12T03:47:40.170Z,49.3075,-129.3552,10,5,mwr,,164,1.55,1.35,us,us20008j9n,2017-05-13T01:03:17.040Z,"216 km SW of Port McNeill, Canada",earthquake,5.5,1.9,,,reviewed,us,pgc
2017-01-07T06:32:36.530Z,50.08,-130.1524,10,4.6,mwr,,172,1.409,1.08,us,us10007rty,2017-03-27T23:53:26.040Z,"225 km WSW of Port McNeill, Canada",earthquake,7.9,2,,,reviewed,us,pgc
2017-01-07T03:23:57.030Z,50.0125,-130.1366,10,4.6,mwr,,189,1.429,0.84,us,us10007vav,2017-03-27T23:53:25.040Z,"226 km WSW of Port McNeill, Canada",earthquake,8.9,2,,,reviewed,us,pgc
2017-01-07T03:17:40.640Z,50.0673,-130.2458,10,4.8,mwr,,178,1.469,1.13,us,us10007v7i,2017-03-27T23:53:25.040Z,"232 km WSW of Port McNeill, Canada",earthquake,4.2,2,,,reviewed,us,pgc
2017-01-07T03:13:54.320Z,50.2065,-130.1516,10,5.4,mww,,94,1.362,0.67,us,us10007rsx,2017-03-27T23:53:25.040Z,"222 km WSW of Port McNeill, Canada",earthquake,6.7,1.8,,,reviewed,us,us
2017-01-06T16:52:22.750Z,50.2529,-129.8802,10,4.6,mwr,,163,1.182,1.33,us,us10007rqu,2017-03-27T23:53:25.040Z,"202 km WSW of Port McNeill, Canada",earthquake,6,1.9,,,reviewed,us,pgc
2017-01-06T15:48:59.140Z,50.1607,-130.0753,10,5.3,mww,,137,1.332,1.26,us,us10007rnp,2017-03-27T23:53:25.040Z,"217 km WSW of Port McNeill, Canada",earthquake,3.3,1.8,,,reviewed,us,us
2016-11-25T04:02:23.050Z,50.9767,-130.3771,10,4.5,mwr,,162,1.414,1.29,us,us10007c7n,2017-02-23T00:11:46.040Z,"236 km W of Port McNeill, Canada",earthquake,8,2,,,reviewed,us,pgc
2016-09-17T22:45:58.590Z,49.0783,-128.9674,10,4.5,mwr,,167,2.287,0.76,us,us10006qix,2016-12-12T23:01:28.040Z,"215 km SW of Port McNeill, Canada",earthquake,7.7,1.9,,,reviewed,us,pgc
2016-09-16T19:46:52.920Z,51.5979,-130.6498,10,4.9,mwr,,140,0.774,1.14,us,us10006q8s,2016-12-12T23:01:26.040Z,"273 km WNW of Port McNeill, Canada",earthquake,5,1.9,,,reviewed,us,pgc
2016-08-09T14:39:11.370Z,50.4018,-129.8461,4.72,4.7,mwr,,168,1.118,0.71,us,us10006ccx,2016-10-26T03:10:24.040Z,"196 km W of Port McNeill, Canada",earthquake,6.6,5.3,,,reviewed,us,pgc
2016-03-18T22:46:56.830Z,49.673,-129.8485,10,5.5,mww,,70,1.467,0.68,us,us20005awl,2016-11-10T22:14:38.063Z,"222 km WSW of Port McNeill, Canada",earthquake,5.6,1.8,,,reviewed,us,us
2015-12-16T08:22:30.560Z,50.5434,-130.3506,10,4.5,mwr,,,,1.39,us,us20004hil,2016-03-05T01:42:09.040Z,"Vancouver Island, Canada region",earthquake,9,2,,,reviewed,pgc,pgc
2015-11-23T04:13:55.930Z,51.3713,-131.472,10,4.8,mwr,,,,1.61,us,us100040fr,2016-11-10T22:01:47.815Z,"Haida Gwaii Region, Canada",earthquake,6.1,2,,,reviewed,pgc,pgc
2015-11-22T06:43:42.640Z,51.6651,-131.0669,10,4.5,mwr,,,,0.99,us,us100040a5,2016-02-18T04:48:48.040Z,"299 km S of Prince Rupert, Canada",earthquake,8.7,2,,,reviewed,pgc,pgc
2015-11-22T06:02:42.540Z,51.6976,-131.0657,10,4.5,mwr,,,,0.99,us,us100040a1,2016-02-18T04:48:48.040Z,"295 km S of Prince Rupert, Canada",earthquake,8.6,2,,,reviewed,pgc,pgc
2015-10-22T23:07:38.970Z,50.8008,-129.9621,10,5.1,mww,,139,1.173,0.94,us,us10003qur,2016-11-10T21:56:54.404Z,"204 km W of Port McNeill, Canada",earthquake,5.1,1.9,,,reviewed,us,us
2015-09-24T13:48:58.480Z,50.7832,-130.2084,10,5.7,mww,,77,1.326,1.39,us,us20003nmz,2016-11-10T21:53:33.894Z,"221 km W of Port McNeill, Canada",earthquake,2.8,1.8,,,reviewed,us,us
2015-09-22T13:24:50.520Z,50.3258,-130.2273,10,4.7,mwr,,162,1.374,0.93,us,us20003mvq,2016-11-10T21:53:22.101Z,"224 km W of Port McNeill, Canada",earthquake,5.3,2,,,reviewed,us,pgc
2015-09-19T21:50:31.150Z,49.4227,-129.6481,10,4.8,mwr,,164,1.561,0.83,us,us20003m0m,2016-11-10T21:52:55.440Z,"224 km SW of Port McNeill, Canada",earthquake,6.4,1.9,,,reviewed,us,pgc
2015-09-08T09:38:04.180Z,50.7444,-130.1086,13.97,4.5,mwr,,165,1.26,1.33,us,us20003h7l,2015-12-05T01:40:36.040Z,"214 km W of Port McNeill, Canada",earthquake,7.5,6.4,,,reviewed,us,pgc
2015-08-17T07:58:32.420Z,49.0289,-128.6959,24.08,4.7,mwr,,152,1.271,0.89,us,us100032sm,2015-11-17T00:13:33.040Z,"202 km SW of Vernon, Canada",earthquake,6.8,5.3,,,reviewed,us,pgc
2015-07-30T00:31:03.670Z,50.5581,-130.0918,10,5,mwr,,,,0.92,us,us10002w8x,2015-10-30T02:47:36.040Z,"212 km W of Port McNeill, Canada",earthquake,5.5,1.8,,,reviewed,pgc,pgc
2015-04-24T14:09:32.480Z,51.6381,-130.894,21.37,4.6,mb,,165,1.504,1.24,us,us20002afg,2015-07-03T00:23:38.040Z,"290 km WNW of Port McNeill, Canada",earthquake,2.4,6.7,0.244,5,reviewed,us,us
2015-04-24T13:56:15.180Z,51.6148,-130.7714,8,6.2,mww,,69,1.743,1.24,us,us200028ue,2016-11-10T21:47:13.605Z,"282 km WNW of Port McNeill, Canada",earthquake,4.6,1.8,,,reviewed,us,us
2015-03-25T19:22:44.560Z,49.4154,-128.1719,13.08,5.1,mww,,100,2.773,0.68,us,us10001qpf,2021-02-24T23:04:21.992Z,"147 km WSW of Vernon, Canada",earthquake,6.7,4.2,,,reviewed,us,us
2015-03-08T20:42:15.680Z,49.0507,-128.8594,27.56,4.9,mwr,,152,3.173,1.1,us,usc000twl9,2015-05-28T00:48:38.040Z,"210 km WSW of Vernon, Canada",earthquake,7.6,5.8,,,reviewed,us,pgc
2015-03-04T08:35:07.120Z,50.2697,-129.92,8.65,5.1,mwr,,152,2.228,1.13,us,usc000tuv5,2015-05-19T00:30:00.040Z,"204 km W of Port McNeill, Canada",earthquake,8.3,4.4,,,reviewed,us,pgc
2015-01-25T21:10:12.050Z,52.5619,-131.9669,17.56,4.5,mwr,,,,0.76,us,usc000tiza,2015-04-24T16:55:33.040Z,"223 km SSW of Prince Rupert, Canada",earthquake,7.9,5.3,,,reviewed,pgc,pgc
2015-01-08T02:02:53.840Z,49.1709,-125.647,24.64,4.8,mww,,,,0.47,us,usc000td14,2021-02-24T23:02:49.390Z,"19 km E of Tofino, Canada",earthquake,3.3,3.8,,,reviewed,pgc,us
2015-01-04T01:49:55.840Z,50.579,-130.454,10,4.5,mwr,,,,1.39,us,usc000tbip,2015-03-27T07:01:35.040Z,"238 km W of Port McNeill, Canada",earthquake,5.3,1.5,,,reviewed,pgc,pgc
2015-01-02T10:15:34.380Z,50.8632,-130.3654,10,5.4,mwr,,76,1.523,1.33,us,usc000tb91,2016-11-10T21:45:58.811Z,"233 km W of Port McNeill, Canada",earthquake,6,1.8,,,reviewed,us,pgc
2014-12-30T12:57:22.770Z,51.3227,-131.2469,10,4.5,mwr,,,,1.67,us,usc000tas9,2015-03-17T02:38:08.040Z,"Haida Gwaii Region, Canada",earthquake,8.1,6.9,,,reviewed,pgc,pgc
2014-12-22T21:01:06.380Z,50.9022,-130.1266,10,4.6,mwr,,173,1.293,1.45,us,usc000t97l,2015-03-06T02:59:11.040Z,"217 km W of Port McNeill, Canada",earthquake,6.5,2,,,reviewed,us,pgc
2014-12-22T06:51:37.410Z,50.746,-130.525,10,4.5,mwr,,,,1.14,us,usc000t91d,2015-03-06T02:59:09.040Z,"243 km W of Port McNeill, Canada",earthquake,9.8,2,,,reviewed,pgc,pgc
2014-12-21T10:45:44.220Z,51.0327,-130.2433,10,4.7,mwr,,,,1.03,us,usc000t8vh,2015-03-06T02:59:07.040Z,"227 km WNW of Port McNeill, Canada",earthquake,5.9,1.9,,,reviewed,pgc,pgc
2014-12-21T09:40:47.000Z,50.79,-130.52,10,5.2,mwr,,,,1.11,us,usc000t8vb,2015-03-06T02:59:07.040Z,"243 km W of Port McNeill, Canada",earthquake,3.8,1.9,,,reviewed,pgc,pgc
2014-12-21T02:57:38.130Z,50.959,-130.194,10,5.2,mwr,,,,0.75,us,usc000t8tf,2015-03-06T02:59:06.040Z,"222 km W of Port McNeill, Canada",earthquake,5,1.9,,,reviewed,pgc,pgc
2014-12-20T22:54:28.420Z,50.7361,-130.4872,10,4.7,mwr,,,,1.47,us,usc000t8s0,2015-03-06T02:59:06.040Z,"240 km W of Port McNeill, Canada",earthquake,6.7,1.9,,,reviewed,pgc,pgc
2014-12-12T06:08:09.310Z,48.8697,-129.2989,10,4.7,mwr,,,,0.99,us,usc000t5vm,2015-03-04T21:54:59.040Z,"248 km WSW of Vernon, Canada",earthquake,5.5,2.3,,,reviewed,pgc,pgc
2014-09-27T21:05:38.000Z,52.701,-132.309,23.3,4.7,mwr,,,,1.52,us,usb000sgs2,2014-12-20T00:54:00.040Z,"222 km SW of Prince Rupert, Canada",earthquake,5.7,1.8,,,reviewed,pgc,pgc
2014-09-10T16:36:43.150Z,50.677,-129.8483,10,4.9,mwr,,161,1.859,1.05,us,usb000sb4f,2014-12-08T23:30:56.040Z,"195 km W of Port McNeill, Canada",earthquake,8.7,1.9,,,reviewed,us,pgc
2014-08-18T08:17:44.470Z,50.498,-130.215,10,4.5,mwr,,,,1.57,us,usb000s3q3,2014-11-15T04:07:15.000Z,"221 km W of Port McNeill, Canada",earthquake,,1.9,,,reviewed,pgc,pgc
2014-08-12T07:00:22.410Z,50.546,-130.445,10,4.5,mwr,,,,1.8,us,usb000s22x,2014-11-07T21:47:41.000Z,"237 km W of Port McNeill, Canada",earthquake,,2,,,reviewed,pgc,pgc
2014-04-24T03:44:17.080Z,49.61,-127.826,10,4.8,mwr,,,,0.98,us,usb000px7j,2021-02-24T23:03:10.817Z,"115 km WSW of Vernon, Canada",earthquake,,1.9,,,reviewed,pgc,pgc
2014-04-24T03:40:56.820Z,49.5441,-127.7877,10,4.7,mwr,,,,1.05,us,usb000px7e,2015-01-30T18:40:31.395Z,"115 km WSW of Vernon, Canada",earthquake,,1.9,,,reviewed,pgc,pgc
2014-04-24T03:10:10.150Z,49.6388,-127.7316,10,6.5,mww,,,,0.85,us,usb000px6r,2019-02-23T21:08:29.308Z,"107 km WSW of Vernon, Canada",earthquake,,1.7,,,reviewed,pgc,us
2014-04-01T05:05:57.990Z,49.2167,-129.2085,10,4.7,mwr,,149,1.325,1.24,us,usc000nycn,2014-05-29T23:32:12.000Z,"215 km SW of Port McNeill, Canada",earthquake,,1.2,0.065,23,reviewed,us,us
2014-02-16T00:19:20.000Z,50.421,-130.262,10,4.5,mwr,,,,1.7,us,usc000mrdf,2014-04-30T21:18:22.000Z,"226 km W of Port McNeill, Canada",earthquake,,1.9,,,reviewed,pgc,pgc
2013-12-15T18:11:47.540Z,49.2634,-127.811,5,4.6,mwr,,138,0.868,1.44,us,usc000ll77,2021-02-24T23:00:40.083Z,"134 km SW of Vernon, Canada",earthquake,,1.8,,,reviewed,us,pgc
2013-11-08T11:44:56.150Z,50.039,-130.1887,10,5,mwr,,,,0.97,us,usb000kumz,2014-01-17T00:29:13.000Z,"229 km WSW of Port McNeill, Canada",earthquake,,1.9,,,reviewed,pgc,pgc
2013-09-18T04:45:36.890Z,52.7369,-132.2193,22.3,4.5,mwr,,,,1.82,us,usb000jxpl,2013-12-09T21:11:08.000Z,"216 km SW of Prince Rupert, Canada",earthquake,,1.9,,,reviewed,pgc,pgc
2013-09-04T15:26:32.000Z,51.052,-130.56,10,4.6,mwr,,,,0.98,us,usb000jh7l,2013-11-15T03:20:24.000Z,"250 km W of Port McNeill, Canada",earthquake,,1.9,,,reviewed,us_pgc,us_pgc
2013-09-04T01:19:00.280Z,50.9472,-130.511,21.06,4.9,mwr,,92,1.54,1.25,us,usb000jghi,2013-11-15T03:20:23.000Z,"244 km W of Port McNeill, Canada",earthquake,,3.2,,,reviewed,us,us_pgc
2013-09-04T00:50:59.530Z,51.0921,-130.1497,10.25,4.6,mwr,,173,1.356,1.19,us,usb000jggv,2013-11-15T03:20:22.000Z,"222 km WNW of Port McNeill, Canada",earthquake,,3.1,,,reviewed,us,us_pgc
2013-09-04T00:23:11.290Z,51.1832,-130.2245,9.92,6,mww,,70,1.431,0.87,us,usb000jgfh,2013-11-15T03:20:22.000Z,"230 km WNW of Port McNeill, Canada",earthquake,,2.5,,,reviewed,us,us
2013-09-03T23:07:08.410Z,51.186,-130.4766,10.02,4.7,mwr,,149,1.6,1.21,us,usb000jgdk,2013-11-15T03:20:22.000Z,"247 km WNW of Port McNeill, Canada",earthquake,,2.9,,,reviewed,us,us_pgc
2013-09-03T22:29:31.110Z,51.3277,-130.2195,9.85,5.5,mwr,,140,1.565,1.22,us,usb000jgci,2013-11-15T03:59:43.471Z,"234 km WNW of Port McNeill, Canada",earthquake,,2.7,,,reviewed,us,us_pgc
2013-09-03T21:25:16.510Z,51.2548,-130.2999,10.15,5.1,mwr,,149,1.503,1.38,us,usb000jg9e,2013-11-15T03:20:22.000Z,"237 km WNW of Port McNeill, Canada",earthquake,,2.7,0.063,,reviewed,us,us
2013-09-03T21:05:56.670Z,51.2359,-130.1714,14.84,4.5,mb,,149,1.421,1.24,us,usb000jg8d,2013-11-15T03:20:22.000Z,"228 km WNW of Port McNeill, Canada",earthquake,,5.5,0.055,,reviewed,us,us
2013-09-03T20:19:06.340Z,51.244,-130.3971,2.73,6.1,mww,,44,1.704,0.93,us,usb000jg6b,2015-01-30T12:23:51.580Z,"243 km WNW of Port McNeill, Canada",earthquake,,3.7,,,reviewed,us,us
2013-08-04T13:22:27.640Z,49.6614,-127.4286,10,5.5,mwb,,33,2.563,0.69,us,usb000iv7t,2021-02-24T23:06:52.672Z,"86 km WSW of Vernon, Canada",earthquake,,1.7,0.071,,reviewed,us,us
2013-07-27T19:11:01.580Z,50.325,-129.99,21.5,4.6,mwr,128,145,,1.15,us,usc000iqr5,2014-11-07T01:51:20.702Z,"208 km W of Port McNeill, Canada",earthquake,,6.9,,,reviewed,us,pgc
2013-07-26T12:57:24.760Z,50.392,-129.968,10,5.1,mwr,97,72,,0.9,us,usc000ipmt,2015-01-30T15:17:57.533Z,"205 km W of Port McNeill, Canada",earthquake,,,,,reviewed,us,pgc
2013-03-15T02:27:57.950Z,52.309,-132.276,24,4.5,mwr,289,152,,,us,usb000fl7c,2014-11-07T01:50:20.468Z,"258 km SSW of Prince Rupert, Canada",earthquake,,,,,reviewed,pgc,pgc
2013-03-15T00:55:43.530Z,52.426,-132.101,10,4.5,mwr,170,153.7,,1.43,us,usb000fl60,2014-11-07T01:50:20.446Z,"241 km SSW of Prince Rupert, Canada",earthquake,,,,,reviewed,us,pgc
2013-03-15T00:05:00.640Z,52.466,-132.063,10,4.5,mwr,231,135.3,,0.9,us,usb000fl55,2014-11-07T01:50:20.408Z,"236 km SSW of Prince Rupert, Canada",earthquake,,,,,reviewed,us,pgc
2013-02-25T13:41:26.360Z,52.688,-132.25,22.4,4.9,mwr,248,102.3,,,us,us2013mba2,2014-11-07T01:50:11.776Z,"221 km SW of Prince Rupert, Canada",earthquake,,,,,reviewed,pgc,pgc
2013-01-07T03:33:23.920Z,49.113,-128.74,10,4.5,mwr,173,164.2,,1.25,us,usp000jy0e,2015-03-24T01:37:15.118Z,"199 km WSW of Vernon, Canada",earthquake,,,,,reviewed,us,pgc
2012-12-23T19:08:38.630Z,50.743,-129.79,10,4.5,mwr,78,158.8,,1.43,us,usp000jxaz,2015-03-24T02:24:07.725Z,"191 km W of Port McNeill, Canada",earthquake,,,,,reviewed,us,pgc
2012-12-17T00:35:08.360Z,52.655,-132.108,15.9,4.8,mwr,46,146.1,,,us,usp000jx22,2014-11-07T01:49:37.233Z,"219 km SSW of Prince Rupert, Canada",earthquake,,,,,reviewed,pgc,pgc
2012-12-16T02:50:58.330Z,52.737,-132.049,10,4.6,mwr,27,202,,1.16,us,usp000jx0q,2014-11-07T01:49:36.896Z,"209 km SSW of Prince Rupert, Canada",earthquake,,,,,reviewed,us,pgc
2012-12-06T05:28:01.000Z,53,-132.37,10,4.6,mwr,221,140,,0.99,us,usp000jwgx,2014-11-07T01:49:33.135Z,"199 km SW of Prince Rupert, Canada",earthquake,,,,,reviewed,us,pgc
2012-11-30T03:03:13.850Z,53.011,-132.517,18,4.5,mwr,41,184.6,,,us,usp000jw8k,2014-11-07T01:49:27.757Z,"205 km SW of Prince Rupert, Canada",earthquake,,,,,reviewed,pgc,pgc
2012-11-14T03:04:45.010Z,51.829,-130.654,10,4.7,mb,253,146,,1.07,us,usp000jvjr,2014-11-07T01:49:22.586Z,"277 km S of Prince Rupert, Canada",earthquake,,,,172,reviewed,us,us
2012-11-13T07:34:19.000Z,52.815,-132.606,10,4.7,mwr,243,139.8,,1.02,us,usp000jvh7,2014-11-07T01:49:22.283Z,"225 km SW of Prince Rupert, Canada",earthquake,,,,,reviewed,us,pgc
2012-11-13T04:55:45.000Z,52.705,-132.033,22.3,5.1,mwr,454,36.9,,,us,usp000jvgy,2015-03-24T01:34:00.219Z,"212 km SSW of Prince Rupert, Canada",earthquake,,,,,reviewed,pgc,pgc
2012-11-08T21:07:41.780Z,49.38,-128.137,10,4.7,mwr,153,165.2,,1.4,us,usp000jv80,2015-03-24T02:39:25.273Z,"146 km WSW of Vernon, Canada",earthquake,,,,,reviewed,us,pgc
2012-11-08T02:01:50.630Z,49.231,-128.477,13.7,6.1,mww,613,101,,1.17,us,usp000jv6k,2021-02-24T22:57:52.881Z,"176 km WSW of Vernon, Canada",earthquake,,3.3,,,reviewed,us,us
2012-11-07T15:04:23.500Z,52.659,-133.069,10,4.5,mwr,112,156.4,,1.06,us,usp000jv59,2014-11-07T01:49:19.028Z,"259 km SW of Prince Rupert, Canada",earthquake,,,,,reviewed,us,pgc
2012-11-06T10:27:02.240Z,52.311,-131.304,8.4,4.7,mwr,313,119.8,,0.75,us,usp000jv3n,2014-11-07T01:49:18.722Z,"232 km SSW of Prince Rupert, Canada",earthquake,,4.1,,,reviewed,us,pgc
2012-11-04T18:27:17.150Z,52.525,-132.419,10,4.8,mwr,113,143.9,,1.11,us,usp000jv1d,2014-11-07T01:49:18.204Z,"243 km SW of Prince Rupert, Canada",earthquake,,,,,reviewed,us,pgc
2012-11-04T12:27:32.000Z,52.214,-132.557,5,5.1,mwr,449,36.8,,,us,usp000jv0z,2014-11-07T01:49:18.128Z,"277 km SSW of Prince Rupert, Canada",earthquake,,,,,reviewed,pgc,pgc
2012-11-04T07:42:16.000Z,52.755,-131.776,10,4.5,mwr,186,167.2,,0.98,us,usp000jv0j,2014-11-07T01:49:18.011Z,"198 km SSW of Prince Rupert, Canada",earthquake,,,,,reviewed,us,pgc
2012-11-03T17:49:11.740Z,52.381,-132.332,10,4.5,mwr,163,149.9,,1.1,us,usp000juzg,2014-11-07T01:49:17.760Z,"253 km SSW of Prince Rupert, Canada",earthquake,,,,,reviewed,us,pgc
2012-11-03T12:18:42.450Z,52.32,-132.794,10,4.6,mwr,166,137.6,,1.04,us,usp000juz7,2014-11-07T01:49:17.652Z,"276 km SW of Prince Rupert, Canada",earthquake,,,,,reviewed,us,pgc
2012-11-03T04:25:19.800Z,52.522,-132.015,23.1,4.5,mwr,206,78.8,,0.81,us,usp000juyp,2014-11-07T01:49:17.541Z,"229 km SSW of Prince Rupert, Canada",earthquake,,5.6,,,reviewed,us,pgc
2012-11-02T08:37:10.440Z,52.215,-132.219,10,4.8,mwr,119,180.2,,1.2,us,usp000juxg,2014-11-07T01:49:17.092Z,"265 km SSW of Prince Rupert, Canada",earthquake,,,,,reviewed,us,pgc
2012-11-02T08:19:54.790Z,52.126,-132.337,15.9,5,mwr,299,59.6,,,us,usp000juxd,2014-11-07T01:49:17.018Z,"278 km SSW of Prince Rupert, Canada",earthquake,,,,,reviewed,pgc,pgc
2012-11-02T07:15:40.520Z,52.192,-131.942,6.1,4.5,mwr,241,79.5,,,us,usp000juxc,2014-11-07T01:49:16.978Z,"259 km SSW of Prince Rupert, Canada",earthquake,,,,,reviewed,pgc,pgc
2012-11-01T03:27:13.420Z,52.415,-132.189,10.7,4.6,mwr,147,150,,0.89,us,usp000juvc,2014-11-07T01:49:15.464Z,"245 km SSW of Prince Rupert, Canada",earthquake,,4.8,,,reviewed,us,pgc
2012-11-01T03:16:01.500Z,52.55,-132.024,19.5,5.2,mwr,286,145.1,,0.84,us,usp000juva,2014-11-07T01:49:15.172Z,"226 km SSW of Prince Rupert, Canada",earthquake,,4.1,,,reviewed,us,pgc
2012-10-31T04:48:38.080Z,52.366,-132.551,10,4.7,mwr,246,103.4,,,us,usp000juu8,2014-11-07T01:49:12.143Z,"262 km SSW of Prince Rupert, Canada",earthquake,,,,,reviewed,pgc,pgc
2012-10-30T14:10:59.000Z,52.299,-132.227,10,5.1,mwr,256,45.7,,,us,usp000jutd,2014-11-07T01:49:12.009Z,"257 km SSW of Prince Rupert, Canada",earthquake,,,,,reviewed,pgc,pgc
2012-10-30T04:40:15.380Z,52.195,-131.801,23,5,mwr,310,67.5,,1.16,us,usp000jusc,2014-11-07T01:49:11.810Z,"255 km SSW of Prince Rupert, Canada",earthquake,,4.3,,,reviewed,us,pgc
2012-10-30T02:55:08.000Z,52.222,-132.117,19.2,5.3,mwr,164,148.7,,,us,usp000jus6,2014-11-07T01:49:11.767Z,"261 km SSW of Prince Rupert, Canada",earthquake,,,,,reviewed,pgc,pgc
2012-10-30T02:49:02.270Z,52.365,-131.902,9,6.2,mww,579,42.8,,1.13,us,usp000jus5,2015-06-30T16:59:04.011Z,"241 km SSW of Prince Rupert, Canada",earthquake,,,,,reviewed,us,us
2012-10-29T20:49:46.880Z,52.379,-131.491,10,4.9,mwr,269,133.8,,1.13,us,usp000jure,2014-11-07T01:49:11.550Z,"229 km SSW of Prince Rupert, Canada",earthquake,,,,,reviewed,us,pgc
2012-10-29T11:07:15.000Z,51.952,-131.182,10,5,ml,45,171.6,,,us,usp000juqh,2014-11-07T01:49:11.374Z,"269 km SSW of Prince Rupert, Canada",earthquake,,,,,reviewed,pgc,pgc
2012-10-29T08:58:30.310Z,52.447,-132.039,10,4.6,ml,146,145.9,,1.15,us,usp000juqd,2014-11-07T01:49:11.348Z,"237 km SSW of Prince Rupert, Canada",earthquake,,,,,reviewed,us,pgc
2012-10-29T01:49:01.620Z,52.522,-132.037,10,5,mwr,285,69.3,,1.02,us,usp000jups,2014-11-07T01:49:11.167Z,"229 km SSW of Prince Rupert, Canada",earthquake,,,,,reviewed,us,pgc
2012-10-28T23:34:23.460Z,52.585,-132.298,10,4.7,mwr,312,66.1,,0.97,us,usp000juph,2014-11-07T01:49:11.105Z,"Haida Gwaii, Canada",earthquake,,,,,reviewed,us,pgc
2012-10-28T23:26:50.450Z,52.727,-132.464,10,4.7,mwr,392,69.9,,0.78,us,usp000jupf,2014-11-07T01:49:11.076Z,"226 km SW of Prince Rupert, Canada",earthquake,,,,,reviewed,us,pgc
2012-10-28T22:41:27.950Z,52.391,-131.97,10,4.6,mb,233,142.4,,1.14,us,usp000jupa,2014-11-07T01:49:11.033Z,"240 km SSW of Prince Rupert, Canada",earthquake,,,,142,reviewed,us,us
2012-10-28T21:38:20.920Z,52.647,-132.406,14.1,4.7,mwr,56,159.8,,1,us,usp000jup4,2014-11-07T01:49:10.996Z,"231 km SW of Prince Rupert, Canada",earthquake,,9.7,,,reviewed,us,pgc
2012-10-28T21:29:04.080Z,52.402,-132.121,10,4.6,mb,142,115.4,,1.03,us,usp000jup3,2014-11-07T01:49:10.982Z,"244 km SSW of Prince Rupert, Canada",earthquake,,,,115,reviewed,us,us
2012-10-28T20:02:43.300Z,52.341,-132.175,10,4.6,mb,103,97.5,,1.24,us,usp000jup1,2014-11-07T01:49:10.968Z,"252 km SSW of Prince Rupert, Canada",earthquake,,,,24,reviewed,us,us
2012-10-28T19:16:50.760Z,52.647,-132.478,10,5.2,mwr,211,71.5,,1.04,us,usp000jup0,2014-11-07T01:49:10.895Z,"234 km SW of Prince Rupert, Canada",earthquake,,,,,reviewed,us,pgc
2012-10-28T19:09:53.900Z,52.294,-132.082,10,5.6,mwr,259,37.1,,1.48,us,usp000junz,2014-11-07T01:49:10.875Z,"Haida Gwaii, Canada",earthquake,,,,,reviewed,us,pgc
2012-10-28T19:03:21.850Z,52.834,-132.667,10,5.4,mwr,211,83.6,,1.02,us,usp000junx,2014-11-07T01:49:10.847Z,"226 km SW of Prince Rupert, Canada",earthquake,,,,,reviewed,us,pgc
2012-10-28T19:02:08.490Z,52.9,-132.283,21.5,4.9,mb,60,113.6,,1.34,us,usp000junw,2014-11-07T01:49:10.843Z,"204 km SW of Prince Rupert, Canada",earthquake,,12.9,,6,reviewed,us,us
2012-10-28T18:57:31.300Z,52.472,-132.374,10,5.2,mwr,48,167.6,,0.86,us,usp000junv,2014-11-07T01:49:10.772Z,"246 km SSW of Prince Rupert, Canada",earthquake,,,,,reviewed,us,pgc
2012-10-28T18:54:20.830Z,52.674,-132.602,9,6.3,mww,399,70.8,,1.14,us,usp000junu,2020-09-21T18:28:12.380Z,"237 km SW of Prince Rupert, Canada",earthquake,,,,,reviewed,us,us
2012-10-28T17:34:49.960Z,52.58,-131.959,10,4.5,ml,12,192.4,,1.23,us,usp000junq,2014-11-07T01:49:10.728Z,"221 km SSW of Prince Rupert, Canada",earthquake,,,,,reviewed,us,pgc
2012-10-28T16:17:03.370Z,52.521,-131.559,10,4.5,mwr,215,141.1,,1.08,us,usp000junj,2014-11-07T01:49:10.702Z,"215 km SSW of Prince Rupert, Canada",earthquake,,,,,reviewed,us,pgc
2012-10-28T15:59:11.460Z,52.79,-132.565,10,4.7,mb,150,148.2,,0.95,us,usp000junh,2014-11-07T01:49:10.690Z,"225 km SW of Prince Rupert, Canada",earthquake,,,,96,reviewed,us,us
2012-10-28T14:46:03.410Z,50.795,-129.777,10,4.5,mwr,16,175.1,,,us,usp000jun7,2014-11-07T01:49:10.610Z,"191 km W of Port McNeill, Canada",earthquake,,,,,reviewed,pgc,pgc
2012-10-28T13:09:14.330Z,52.434,-131.868,10,5.1,mwr,336,70.2,,0.78,us,usp000jun2,2015-03-24T02:37:02.912Z,"233 km SSW of Prince Rupert, Canada",earthquake,,,,,reviewed,us,pgc
2012-10-28T11:53:18.000Z,52.36,-132.371,20,5.1,mwr,265,106.3,,,us,usp000jumt,2014-11-07T01:49:10.279Z,"256 km SSW of Prince Rupert, Canada",earthquake,,,,,reviewed,pgc,pgc
2012-10-28T11:27:45.670Z,52.448,-132.134,10,5.2,mwr,362,64.6,,0.92,us,usp000jumq,2014-11-07T01:49:10.239Z,"240 km SSW of Prince Rupert, Canada",earthquake,,,,,reviewed,us,pgc
2012-10-28T10:45:48.000Z,52.482,-132.517,25,5.1,mwr,275,87,,,us,usp000jumh,2014-11-07T01:49:10.170Z,"250 km SW of Prince Rupert, Canada",earthquake,,,,,reviewed,pgc,pgc
2012-10-28T10:24:15.630Z,52.3,-131.832,10,4.6,mb,70,152.2,,1.35,us,usp000jume,2014-11-07T01:49:10.151Z,"245 km SSW of Prince Rupert, Canada",earthquake,,,,36,reviewed,us,us
2012-10-28T10:23:08.580Z,52.805,-132.666,10,4.5,mb,287,135.4,,1.2,us,usp000jumd,2014-11-07T01:49:10.130Z,"228 km SW of Prince Rupert, Canada",earthquake,,,,170,reviewed,us,us
2012-10-28T09:45:38.540Z,52.954,-132.251,10,4.8,mwr,251,135.7,,1.31,us,usp000jum6,2014-11-07T01:49:10.058Z,"198 km SW of Prince Rupert, Canada",earthquake,,,,,reviewed,us,pgc
2012-10-28T09:36:35.000Z,52.36,-132.371,15,4.6,mb,315,135.9,,,us,usp000jum3,2014-11-07T01:49:10.020Z,"256 km SSW of Prince Rupert, Canada",earthquake,,,,168,reviewed,pgc,us
2012-10-28T09:17:27.700Z,52.243,-132.01,10,5.3,mwr,418,45.2,,0.93,us,usp000jum0,2014-11-07T01:49:09.979Z,"256 km SSW of Prince Rupert, Canada",earthquake,,,,,reviewed,us,pgc
2012-10-28T07:25:21.510Z,52.319,-131.561,10,5.2,mwr,356,91.5,,1.18,us,usp000jukn,2014-11-07T01:49:09.873Z,"237 km SSW of Prince Rupert, Canada",earthquake,,,,,reviewed,us,pgc
2012-10-28T07:16:37.330Z,52.773,-132.555,10,4.9,mb,261,142.9,,1.18,us,usp000jukm,2014-11-07T01:49:09.852Z,"226 km SW of Prince Rupert, Canada",earthquake,,,,171,reviewed,us,us
2012-10-28T07:12:13.910Z,52.165,-132.33,10,4.9,mwr,119,143.9,,1.11,us,usp000jukj,2014-11-07T01:49:09.821Z,"274 km SSW of Prince Rupert, Canada",earthquake,,,,,reviewed,us,pgc
2012-10-28T06:16:52.140Z,52.335,-131.36,10,5.2,mwr,314,105.3,,0.94,us,usp000jukb,2014-11-07T01:49:09.740Z,"230 km SSW of Prince Rupert, Canada",earthquake,,,,,reviewed,us,pgc
2012-10-28T05:51:17.300Z,52.81,-132.72,10,4.5,mb,171,154.2,,1.11,us,usp000juk5,2014-11-07T01:49:09.710Z,"230 km SW of Prince Rupert, Canada",earthquake,,,,96,reviewed,us,us
2012-10-28T05:02:49.590Z,52.437,-132.172,10,4.5,mb,162,143.9,,1.25,us,usp000jujp,2014-11-07T01:49:09.594Z,"242 km SSW of Prince Rupert, Canada",earthquake,,,,105,reviewed,us,us
2012-10-28T04:41:02.600Z,52.549,-132.299,10,5.3,mwr,232,136.9,,1.05,us,usp000jujg,2014-11-07T01:49:09.536Z,"236 km SSW of Prince Rupert, Canada",earthquake,,,,,reviewed,us,pgc
2012-10-28T04:33:41.290Z,52.701,-132.253,10,4.7,mb,109,148.1,,1.09,us,usp000jujf,2014-11-07T01:49:09.528Z,"220 km SW of Prince Rupert, Canada",earthquake,,,,51,reviewed,us,us
2012-10-28T04:26:45.870Z,52.735,-132.395,11.2,5.1,mb,307,68.7,,0.94,us,usp000juje,2014-11-07T01:49:09.508Z,"223 km SW of Prince Rupert, Canada",earthquake,,3.8,,214,reviewed,us,us
2012-10-28T04:25:28.510Z,52.624,-132.49,10,5.2,mb,505,65.1,,0.79,us,usp000jujd,2014-11-07T01:49:09.475Z,"236 km SW of Prince Rupert, Canada",earthquake,,,,293,reviewed,us,us
2012-10-28T03:52:20.480Z,52.576,-131.962,10,5.5,mwr,243,68.6,,0.96,us,usp000juj7,2014-11-07T01:49:09.443Z,"222 km SSW of Prince Rupert, Canada",earthquake,,,,,reviewed,us,pgc
2012-10-28T03:38:10.000Z,52.514,-132.026,20,4.6,mb,74,153.1,,,us,usp000juj6,2014-11-07T01:49:09.437Z,"230 km SSW of Prince Rupert, Canada",earthquake,,,,11,reviewed,pgc,us
2012-10-28T03:04:08.820Z,52.788,-132.101,14,7.8,mww,807,42.7,,0.99,us,usp000juhz,2021-04-08T17:41:07.183Z,"206 km SW of Prince Rupert, Canada",earthquake,,,,,reviewed,us,us
2012-08-19T10:04:03.230Z,47.837,-128.452,10,4.5,mb,402,141.8,,0.96,us,usp000jqgp,2015-03-24T02:23:05.336Z,"238 km SW of Tofino, Canada",earthquake,,,,153,reviewed,us,us
2012-08-19T08:13:05.390Z,47.8,-128.749,10,4.5,mb,18,183.8,,1.22,us,usp000jqgf,2014-11-07T01:48:35.813Z,"258 km SW of Tofino, Canada",earthquake,,,,6,reviewed,us,us
2012-08-19T08:07:35.780Z,47.789,-128.619,10,5.6,mww,546,116.6,,0.88,us,usp000jqge,2021-02-24T23:07:14.019Z,"251 km SW of Tofino, Canada",earthquake,,,,,reviewed,us,us
2012-07-04T13:35:46.780Z,50.632,-129.663,10,4.6,mwr,250,150.7,,1.1,us,usp000jnky,2014-11-07T01:48:16.129Z,"182 km W of Port McNeill, Canada",earthquake,,,,,reviewed,us,pgc
2012-06-27T04:22:34.730Z,49.48,-128.949,10,4.8,mwr,306,161.4,,1.1,us,usp000jn9p,2015-03-24T02:42:59.530Z,"181 km SW of Port McNeill, Canada",earthquake,,,,,reviewed,us,pgc
2012-05-12T00:58:01.970Z,50.474,-130.116,10,4.7,mw,237,148.3,,,us,usp000jkb4,2014-11-07T01:47:46.900Z,"215 km W of Port McNeill, Canada",earthquake,,,,,reviewed,pgc,pgc
2012-05-04T10:55:37.020Z,50.648,-130.241,10,5,mw,283,78,,,us,usp000jjzx,2015-03-24T01:28:59.064Z,"223 km W of Port McNeill, Canada",earthquake,,,,,reviewed,pgc,pgc
2012-05-01T22:53:42.240Z,50.566,-130.339,10,4.8,mwr,178,146.1,,,us,usp000jjw0,2014-11-07T01:47:42.815Z,"230 km W of Port McNeill, Canada",earthquake,,,,,reviewed,pgc,pgc
2012-04-28T03:42:22.980Z,50.627,-129.79,10,4.5,mb,226,139,,1.11,us,usp000jjq2,2015-03-24T01:28:46.566Z,"191 km W of Port McNeill, Canada",earthquake,,,,108,reviewed,us,us
2012-04-27T16:22:30.800Z,50.486,-130.108,10,4.7,mwr,63,168.5,,,us,usp000jjpg,2014-11-07T01:47:37.696Z,"214 km W of Port McNeill, Canada",earthquake,,,,,reviewed,pgc,pgc
2012-04-27T16:14:47.500Z,50.42,-130.19,10,4.5,mwr,17,187.3,,,us,usp000jjpe,2014-11-07T01:47:37.691Z,"220 km W of Port McNeill, Canada",earthquake,,,,,reviewed,pgc,pgc
2012-04-27T12:52:42.970Z,50.494,-130.064,10,4.9,mwr,197,148,,,us,usp000jjp6,2015-03-24T01:28:43.162Z,"211 km W of Port McNeill, Canada",earthquake,,,,,reviewed,pgc,pgc
2012-04-22T08:36:20.040Z,50.666,-129.891,10,4.7,mw,224,140.6,,1.07,us,usp000jjd9,2014-11-07T01:47:35.820Z,"198 km W of Port McNeill, Canada",earthquake,,,,,reviewed,us,pgc
2012-02-16T06:37:33.300Z,49.089,-127.617,10,4.7,mwr,239,158,,1.21,us,usp000jf07,2021-02-24T23:01:04.734Z,"124 km W of Tofino, Canada",earthquake,,,,,reviewed,us,pgc
2012-02-04T20:08:57.710Z,48.939,-127.64,14.3,4.8,mwr,143,143.3,,1.35,us,usp000jegf,2014-11-07T01:46:57.915Z,"128 km WSW of Tofino, Canada",earthquake,,8.3,,,reviewed,us,pgc
2012-02-04T20:05:31.710Z,48.887,-127.906,14.6,5.6,mww,486,70.7,,0.96,us,usp000jege,2021-02-24T23:07:36.526Z,"149 km WSW of Tofino, Canada",earthquake,,3.4,,,reviewed,us,us
2012-01-13T19:46:04.820Z,51.076,-130.72,10,5.2,mwr,271,148.3,,,us,usp000jdez,2015-03-24T01:24:48.305Z,"261 km W of Port McNeill, Canada",earthquake,,,,,reviewed,pgc,pgc
2011-12-19T08:12:42.000Z,51.03,-130.65,10,4.5,mw,98,174.8,,,us,usp000jcd7,2014-11-07T01:46:35.657Z,"255 km W of Port McNeill, Canada",earthquake,,,,,reviewed,pgc,pgc
2011-11-23T23:02:41.000Z,50.45,-130.13,10,5,mwc,143,174.3,,,us,usp000jban,2014-11-07T01:46:24.382Z,"216 km W of Port McNeill, Canada",earthquake,,,,,reviewed,pgc,gcmt
2011-11-18T13:09:00.980Z,48.4693333,-119.6075,11.168,4.6,md,21,121,0.2138,0.26,uw,uw10831488,2017-04-02T01:41:47.861Z,"8 km WSW of Riverside, Washington",earthquake,0.87,0.94,0.04,21,reviewed,uw,uw
2011-09-21T04:36:58.990Z,48.928,-129.355,10,4.5,mwr,121,179.5,,,us,usp000j8bm,2014-11-07T01:45:56.121Z,"246 km SW of Port McNeill, Canada",earthquake,,,,,reviewed,pgc,pgc
2011-09-12T09:37:25.520Z,50.58,-130.345,10,4.6,mwr,217,149.4,,,us,usp000j7ye,2014-11-07T01:45:53.020Z,"230 km W of Port McNeill, Canada",earthquake,,,,,reviewed,pgc,pgc
2011-09-09T19:41:34.150Z,49.535,-126.893,22,6.4,mww,650,28.1,,1.02,us,usp000j7ur,2021-02-24T22:58:48.627Z,"66 km SW of Vernon, Canada",earthquake,,,,,reviewed,us,us
2011-09-06T01:50:17.360Z,51.39,-131.057,10,4.5,mwr,20,214.9,,,us,usp000j7p7,2014-11-07T01:45:50.712Z,"292 km WNW of Port McNeill, Canada",earthquake,,,,,reviewed,pgc,pgc
2011-08-18T15:37:40.400Z,51.747,-130.717,10,5.1,mwc,255,139,,1.23,us,usp000j6n1,2014-11-07T01:45:38.051Z,"284 km WNW of Port McNeill, Canada",earthquake,,,,,reviewed,us,gcmt
2011-08-18T15:35:42.510Z,51.425,-131.008,10,4.9,mwr,248,140.7,,,us,usp000j6n0,2014-11-07T01:45:38.033Z,"290 km WNW of Port McNeill, Canada",earthquake,,,,,reviewed,pgc,pgc
2011-06-17T02:22:23.570Z,51.959,-131.338,10,4.9,mwr,309,141.9,,1.1,us,usp000j3a0,2014-11-07T01:45:06.376Z,"270 km SSW of Prince Rupert, Canada",earthquake,,,,,reviewed,us,pgc
2011-05-16T05:59:52.860Z,52.042,-132.051,20,4.6,mwr,39,175.9,,,us,usp000j1p8,2014-11-07T01:44:51.671Z,"278 km SSW of Prince Rupert, Canada",earthquake,,,,,reviewed,pgc,pgc
2011-03-20T04:20:35.280Z,49.665,-128.621,10,4.6,mwr,206,151.5,,,us,usp000hy0e,2014-11-07T01:44:15.172Z,"150 km SW of Port McNeill, Canada",earthquake,,,,,reviewed,pgc,pgc
2011-03-03T03:54:59.910Z,50.243,-130.23,10,4.5,mwr,88,165.4,,,us,usp000hv9a,2014-11-07T01:43:50.828Z,"226 km W of Port McNeill, Canada",earthquake,,,,,reviewed,pgc,pgc
2011-02-03T07:52:17.790Z,50.748,-130.298,10,4.6,mwr,77,173.4,,,us,usp000hu0k,2014-11-07T01:43:36.357Z,"227 km W of Port McNeill, Canada",earthquake,,,,,reviewed,pgc,pgc
2011-01-29T07:58:28.690Z,50.624,-130.424,10,4.7,mwr,11,188.8,,,us,usp000htt5,2014-11-07T01:43:31.376Z,"236 km W of Port McNeill, Canada",earthquake,,,,,reviewed,pgc,pgc
2010-10-04T14:51:54.540Z,49.357,-129.315,10,5.3,mwc,119,151,,1.26,us,usp000hmkr,2016-11-10T02:34:17.433Z,"210 km SW of Port McNeill, Canada",earthquake,,,,,reviewed,us,gcmt
2010-10-04T05:56:16.870Z,49.447,-129.086,10,4.7,mwr,138,149.7,,1.31,us,usp000hmk3,2014-11-07T01:42:38.633Z,"191 km SW of Port McNeill, Canada",earthquake,,,,,reviewed,us,pgc
2010-08-17T11:37:57.680Z,50.839,-129.948,13.6,4.6,mwr,113,160.5,,1.18,us,usp000hjb7,2014-11-07T01:42:15.519Z,"203 km W of Port McNeill, Canada",earthquake,,17.2,,,reviewed,us,pgc
2010-07-26T08:43:25.340Z,50.178,-129.932,10,4.6,mwr,171,149.5,,1.17,us,usp000hgut,2015-03-24T01:10:49.271Z,"207 km WSW of Port McNeill, Canada",earthquake,,,,,reviewed,us,pgc
2010-07-19T17:15:04.560Z,49.46,-130.047,10,5.4,mwc,315,67.2,,,us,usp000hfz8,2016-11-10T02:30:50.908Z,"246 km WSW of Port McNeill, Canada",earthquake,,,,,reviewed,pgc,gcmt
2010-07-03T13:14:44.000Z,50.42,-130.36,10,4.9,mwc,67,177.6,,,us,usp000hev5,2016-11-10T02:30:19.196Z,"232 km W of Port McNeill, Canada",earthquake,,,,,reviewed,pgc,gcmt
2010-05-06T23:12:29.600Z,48.036,-128.188,10,4.5,mw,260,163.3,,,us,usp000hce2,2014-11-07T01:41:27.444Z,"209 km SW of Tofino, Canada",earthquake,,,,,reviewed,pgc,pgc
2010-03-29T11:38:07.700Z,51.259,-130.831,10,4.7,mwr,64,190.5,,,us,usp000ha3w,2014-11-07T01:41:06.380Z,"273 km WNW of Port McNeill, Canada",earthquake,,,,,reviewed,pgc,pgc
2010-03-28T14:26:49.640Z,51.224,-130.902,10,4.5,mwr,30,210,,,us,usp000ha2n,2014-11-07T01:41:06.148Z,"277 km WNW of Port McNeill, Canada",earthquake,,,,,reviewed,pgc,pgc
2009-11-18T08:06:07.700Z,52.222,-131.662,10,4.6,mwr,70,172.8,,1.14,us,usp000h45w,2014-11-07T01:40:07.423Z,"249 km SSW of Prince Rupert, Canada",earthquake,,,,,reviewed,us,pgc
2009-11-18T03:16:39.710Z,52.264,-131.298,10,4.6,mwr,51,169.2,,1.49,us,usp000h45m,2014-11-07T01:40:07.385Z,"237 km SSW of Prince Rupert, Canada",earthquake,,,,,reviewed,us,pgc
2009-11-17T19:04:14.980Z,52.166,-131.385,10,4.7,mwr,133,135.5,,1.3,us,usp000h44y,2015-03-24T02:39:16.058Z,"249 km SSW of Prince Rupert, Canada",earthquake,,,,,reviewed,us,pgc
2009-11-17T16:26:24.240Z,51.973,-131.577,10,4.5,mb,63,172,,1.25,us,usp000h44u,2014-11-07T01:40:07.238Z,"273 km SSW of Prince Rupert, Canada",earthquake,,,,30,reviewed,us,us
2009-11-17T15:37:42.290Z,52.102,-131.572,10,5.8,mwc,226,68,,0.86,us,usp000h44t,2016-11-10T02:20:34.487Z,"260 km SSW of Prince Rupert, Canada",earthquake,,,,,reviewed,us,gcmt
2009-11-17T15:30:47.440Z,52.123,-131.395,17,6.6,mwc,388,26.6,,1.16,us,usp000h44s,2016-11-10T02:20:33.961Z,"254 km SSW of Prince Rupert, Canada",earthquake,,,,,reviewed,us,us
2009-01-13T18:19:48.910Z,49.064,-128.915,13.7,4.6,mwr,74,175.7,,1.25,us,usp000gsj7,2014-11-07T01:38:11.808Z,"213 km WSW of Vernon, Canada",earthquake,,22.8,,,reviewed,us,pgc
2008-12-25T08:42:41.850Z,49.21,-128.357,10,4.7,mwr,48,182.2,,1.1,us,usp000gree,2014-11-07T01:38:02.613Z,"170 km WSW of Vernon, Canada",earthquake,,,,,reviewed,us,pgc
2008-12-25T08:18:38.110Z,48.849,-128.934,10,4.6,mwr,14,282.7,,,us,usp000grec,2014-11-07T01:38:02.608Z,"224 km W of Tofino, Canada",earthquake,,,,,reviewed,pgc,pgc
2008-12-25T08:11:58.790Z,49.128,-128.621,10,5.8,mwc,290,81.6,,1.1,us,usp000greb,2021-02-24T23:08:46.026Z,"191 km WSW of Vernon, Canada",earthquake,,,,,reviewed,us,us
2008-09-11T23:26:19.340Z,47.24,-129.14,10,5.2,mwc,103,147,,,us,usp000ggwm,2016-11-10T02:01:31.338Z,off the coast of Washington,earthquake,,,,,reviewed,pgc,gcmt
2008-09-11T23:13:35.600Z,47.921,-128.438,10,5.1,mwc,118,158.8,,1.18,us,usp000ggwj,2016-11-10T02:01:30.841Z,"231 km SW of Tofino, Canada",earthquake,,,,,reviewed,us,gcmt
2008-09-11T21:17:26.820Z,47.514,-128.862,10,4.5,mb,129,145.5,,,us,usp000ggwb,2014-11-07T01:37:11.243Z,"284 km SW of Tofino, Canada",earthquake,,,,35,reviewed,pgc,us
2008-09-06T11:25:57.830Z,49.869,-130.084,10,5,mwc,89,143.9,,1.11,us,usp000gghg,2016-11-10T02:01:19.197Z,"228 km WSW of Port McNeill, Canada",earthquake,,,,,reviewed,us,gcmt
2008-09-06T01:10:20.670Z,49.791,-130.113,10,5.2,mwc,214,73.6,,1.26,us,usp000gggj,2016-11-10T02:01:18.157Z,"233 km WSW of Port McNeill, Canada",earthquake,,,,,reviewed,us,gcmt
2008-08-28T12:37:35.070Z,50.165,-129.628,12,5.9,mwc,402,63.4,,0.95,us,usp000gfug,2016-11-10T02:00:54.423Z,"186 km WSW of Port McNeill, Canada",earthquake,,,,,reviewed,us,us
2008-08-28T09:20:30.510Z,50.147,-129.679,10,5,mwc,190,146.6,,1.1,us,usp000gftw,2016-11-10T02:00:53.906Z,"190 km WSW of Port McNeill, Canada",earthquake,,,,,reviewed,us,gcmt
2008-08-28T07:28:52.530Z,50.204,-129.456,10,4.5,mwr,104,169.8,,1.15,us,usp000gfth,2014-11-07T01:37:00.600Z,"173 km WSW of Port McNeill, Canada",earthquake,,,,,reviewed,us,pgc
2008-08-28T04:47:53.470Z,50.127,-129.699,10,4.8,mwc,127,148.1,,1.03,us,usp000gfsw,2016-11-10T02:00:53.394Z,"192 km WSW of Port McNeill, Canada",earthquake,,,,,reviewed,us,gcmt
2008-08-28T03:15:45.520Z,50.139,-129.729,10,4.7,mwr,67,165.4,,1.15,us,usp000gfsc,2014-11-07T01:37:00.470Z,"194 km WSW of Port McNeill, Canada",earthquake,,,,,reviewed,us,pgc
2008-08-28T01:58:35.110Z,50.147,-129.596,10,5,mwr,122,155.2,,1.14,us,usp000gfs1,2014-11-07T01:37:00.415Z,"185 km WSW of Port McNeill, Canada",earthquake,,,,,reviewed,us,pgc
2008-08-28T01:15:15.400Z,50.136,-129.667,10,5,mwc,169,153.5,,0.97,us,usp000gfry,2016-11-10T02:00:52.410Z,"190 km WSW of Port McNeill, Canada",earthquake,,,,,reviewed,us,gcmt
2008-08-28T00:22:31.370Z,49.94,-129.875,10,4.5,mwr,67,168,,1.09,us,usp000gfru,2014-11-07T01:37:00.372Z,"211 km WSW of Port McNeill, Canada",earthquake,,,,,reviewed,us,pgc
2008-08-27T23:40:06.370Z,50.242,-129.625,10,4.6,mwr,112,160.2,,1.06,us,usp000gfrm,2014-11-07T01:37:00.333Z,"184 km WSW of Port McNeill, Canada",earthquake,,,,,reviewed,us,pgc
2008-08-27T22:45:33.700Z,50.097,-129.533,10,4.6,mwr,116,144.4,,1.09,us,usp000gfrj,2014-11-07T01:37:00.320Z,"182 km WSW of Port McNeill, Canada",earthquake,,,,,reviewed,us,pgc
2008-08-27T22:12:38.470Z,50.082,-129.59,10,5.1,mwc,206,144.6,,1.35,us,usp000gfrf,2016-11-10T02:00:51.923Z,"186 km WSW of Port McNeill, Canada",earthquake,,,,,reviewed,us,gcmt
2008-08-27T21:52:35.140Z,50.146,-129.524,10,4.8,mwr,85,140.8,,0.87,us,usp000gfrd,2014-11-07T01:37:00.237Z,"180 km WSW of Port McNeill, Canada",earthquake,,,,,reviewed,us,pgc
2008-08-27T20:17:35.100Z,50.228,-130.035,10,5.4,mwc,281,138.4,,1.19,us,usp000gfr2,2016-11-10T02:00:50.896Z,"213 km WSW of Port McNeill, Canada",earthquake,,,,,reviewed,us,gcmt
2008-08-27T19:59:22.570Z,50.19,-129.811,10,5,mwc,210,147.3,,1.09,us,usp000gfqy,2016-11-10T02:00:50.372Z,"198 km WSW of Port McNeill, Canada",earthquake,,,,,reviewed,us,gcmt
2008-08-27T19:45:08.320Z,50.125,-129.561,10,4.7,mwr,51,167.2,,1.21,us,usp000gfqv,2014-11-07T01:37:00.153Z,"183 km WSW of Port McNeill, Canada",earthquake,,,,,reviewed,us,pgc
2008-08-27T18:10:06.570Z,50.121,-129.823,10,4.5,mwr,45,181.4,,1.08,us,usp000gfqm,2014-11-07T01:37:00.123Z,"201 km WSW of Port McNeill, Canada",earthquake,,,,,reviewed,us,pgc
2008-08-25T22:24:56.850Z,49.022,-128.493,10,5.1,mwc,77,153.9,,1.13,us,usp000gfj0,2016-11-10T02:00:44.764Z,"189 km W of Tofino, Canada",earthquake,,,,,reviewed,us,gcmt
2008-06-01T14:24:18.240Z,49.064,-128.351,10,4.8,mwr,89,155.1,,1.07,us,usp000g8ah,2014-11-07T01:36:12.340Z,"178 km W of Tofino, Canada",earthquake,,,,,reviewed,us,pgc
2008-05-30T12:38:29.960Z,50.458,-130.41,10,5,mwc,128,163.5,,,us,usp000g84d,2016-11-10T01:56:40.189Z,"236 km W of Port McNeill, Canada",earthquake,,,,,reviewed,pgc,gcmt
2008-04-27T21:17:59.800Z,48.685,-128.888,10,5.2,mwc,254,149.6,,,us,usp000g4zv,2016-11-10T01:55:18.593Z,"224 km WSW of Tofino, Canada",earthquake,,,,,reviewed,pgc,gcmt
2008-04-14T07:50:47.340Z,49.097,-129.163,10,4.5,mwr,116,158.3,,,us,usp000g3wa,2014-11-07T01:35:36.983Z,"223 km SW of Port McNeill, Canada",earthquake,,,,,reviewed,pgc,pgc
2008-01-09T14:40:00.960Z,51.649,-131.183,10,6.1,mwc,333,78.3,,1.01,us,usp000fwb9,2016-11-10T01:50:30.749Z,"Haida Gwaii Region, Canada",earthquake,,0,,,reviewed,us,us
2008-01-06T00:20:32.760Z,51.51,-131.158,10,5.4,mwc,259,138.8,,0.97,us,usp000fw2a,2016-11-10T01:50:25.223Z,"Haida Gwaii Region, Canada",earthquake,,,,,reviewed,us,gcmt
2008-01-05T12:00:17.900Z,51.502,-131.095,10,5,mwr,87,146.9,,1.27,us,usp000fw16,2014-11-07T01:34:37.317Z,"298 km WNW of Port McNeill, Canada",earthquake,,,,,reviewed,us,pgc
2008-01-05T11:57:29.340Z,51.585,-130.974,10,4.6,mw,12,189.7,,1.47,us,usp000fw15,2014-11-07T01:34:37.314Z,"293 km WNW of Port McNeill, Canada",earthquake,,,,,reviewed,us,pgc
2008-01-05T11:50:58.090Z,51.489,-131.052,10,4.6,ml,34,148.8,,1.21,us,usp000fw13,2014-11-07T01:34:37.306Z,"295 km WNW of Port McNeill, Canada",earthquake,,,,,reviewed,us,pgc
2008-01-05T11:44:48.170Z,51.163,-130.542,10,6.4,mwc,462,42.7,,1.15,us,usp000fw12,2016-11-10T01:50:23.672Z,"251 km WNW of Port McNeill, Canada",earthquake,,,,,reviewed,us,us
2008-01-05T11:01:06.110Z,51.254,-130.746,15,6.6,mwc,422,66.7,,1.29,us,usp000fw0w,2016-11-10T01:50:23.163Z,"267 km WNW of Port McNeill, Canada",earthquake,,,,,reviewed,us,gcmt
2008-01-05T10:39:14.290Z,51.324,-130.39,10,5.7,mwc,196,141.1,,1.5,us,usp000fw0t,2016-11-10T01:50:22.656Z,"246 km WNW of Port McNeill, Canada",earthquake,,,,,reviewed,us,gcmt
2007-12-12T23:39:59.790Z,52.102,-131.554,10,5.8,mwc,395,134.6,,1.22,us,usp000fuba,2016-11-10T01:49:28.029Z,"259 km SSW of Prince Rupert, Canada",earthquake,,,,,reviewed,us,gcmt
2007-05-05T06:15:43.710Z,50.767,-130.049,10,5,mwc,125,140.7,,1.02,us,usp000fb9a,2016-11-10T01:39:43.980Z,"210 km W of Port McNeill, Canada",earthquake,,,,,reviewed,us,gcmt
2007-03-23T03:49:05.310Z,48.972,-128.842,10,4.6,mwr,88,173.7,,,us,usp000f774,2014-11-07T01:31:54.821Z,"214 km SW of Vernon, Canada",earthquake,,,,,reviewed,pgc,pgc
2007-03-21T05:19:21.650Z,49.147,-128.276,10,4.7,mwr,81,170.1,,0.98,us,usp000f73g,2014-11-07T01:31:54.331Z,"169 km SW of Vernon, Canada",earthquake,,,,,reviewed,us,pgc
2006-12-21T22:56:45.000Z,50.57,-130.4,10,4.6,mwr,84,181.4,,,us,usp000f0rj,2014-11-07T01:31:10.485Z,"234 km W of Port McNeill, Canada",earthquake,,,,,reviewed,pgc,pgc
2006-10-08T02:48:26.650Z,46.8498333,-121.6001667,1.649,4.5,md,96,23,,0.35,uw,uw10701498,2017-07-18T00:25:02.143Z,"27 km NNE of Packwood, Washington",earthquake,0.336,0.63,0.04,18,reviewed,uw,uw
2006-09-28T02:15:51.370Z,50.684,-129.541,10,4.6,mw,51,164.5,,1.08,us,usp000etz1,2014-11-07T01:30:18.354Z,"Vancouver Island, Canada region",earthquake,,,,,reviewed,us,pgc
2006-09-28T01:53:33.420Z,50.446,-130.232,10,4.7,mw,42,217.1,,,us,usp000etyz,2014-11-07T01:30:18.175Z,"223 km W of Port McNeill, Canada",earthquake,,,,,reviewed,pgc,pgc
2006-09-10T11:14:45.590Z,50.229,-129.607,10,5,mwc,139,146.3,,1.37,us,usp000esup,2016-11-10T01:28:05.647Z,"Vancouver Island, Canada region",earthquake,,,,,reviewed,us,gcmt
2006-08-02T21:15:36.430Z,50.602,-130.172,10,4.6,mwr,59,191.2,,1.38,us,usp000eq43,2014-11-07T01:29:53.190Z,"218 km W of Port McNeill, Canada",earthquake,,,,,reviewed,us,pgc
2006-06-20T10:02:07.780Z,51.582,-130.473,10,5.6,mwb,326,145.1,,0.94,us,usp000ekvc,2016-11-10T01:24:10.887Z,"261 km WNW of Port McNeill, Canada",earthquake,,,,,reviewed,us,us
2006-06-04T08:56:32.730Z,50.953,-130.134,10,5,mwc,147,151.6,,0.96,us,usp000ejp9,2016-11-10T01:23:24.851Z,"218 km W of Port McNeill, Canada",earthquake,,,,,reviewed,us,hrv
2006-03-15T22:55:44.000Z,48.797,-128.656,6,4.5,mwr,19,179.9,,,us,usp000ec8a,2014-11-07T01:28:32.004Z,"205 km WSW of Tofino, Canada",earthquake,,,,,reviewed,pgc,pgc
2006-02-06T01:03:36.000Z,49.57,-127.65,10,4.6,mwr,106,164.2,,,us,usp000e9kg,2014-11-07T01:28:16.758Z,"105 km WSW of Vernon, Canada",earthquake,,,,,reviewed,pgc,pgc
2005-11-19T12:40:04.370Z,48.792,-128.598,10,5.3,mwc,202,117.8,,1.09,us,usp000e4gd,2016-11-10T01:14:42.117Z,"201 km WSW of Tofino, Canada",earthquake,,,,,reviewed,us,hrv
2005-11-16T14:07:41.880Z,49.992,-129.772,10,4.9,mwr,62,179.9,,0.81,us,usp000e4as,2014-11-07T01:27:39.982Z,"202 km WSW of Port McNeill, Canada",earthquake,,,,,reviewed,us,pgc
2005-10-20T15:27:46.520Z,47.402,-128.978,10,4.5,ml,48,213.7,,,us,usp000e2az,2014-11-07T01:27:27.031Z,"299 km SW of Tofino, Canada",earthquake,,,,,reviewed,pgc,pgc
2005-07-25T10:54:59.590Z,50.75,-130.139,10,4.6,mwr,51,212.9,,0.81,us,usp000dvw2,2014-11-07T01:26:33.243Z,"216 km W of Port McNeill, Canada",earthquake,,,,,reviewed,us,pgc
2005-06-09T14:00:49.900Z,51.554,-131.125,10,5.8,mwc,282,72.1,,0.91,us,usp000dskc,2016-11-10T01:07:14.012Z,"Haida Gwaii Region, Canada",earthquake,,,,,reviewed,us,hrv
2005-06-08T21:34:09.640Z,51.688,-130.897,10,4.5,mwr,46,177.4,,0.91,us,usp000dshw,2014-11-07T01:26:09.569Z,"293 km WNW of Port McNeill, Canada",earthquake,,,,,reviewed,us,pgc
2005-04-23T07:08:48.850Z,50.241,-129.688,10,4.7,mwr,86,174,,0.88,us,usp000dp1k,2014-11-07T01:25:39.720Z,"188 km WSW of Port McNeill, Canada",earthquake,,,,,reviewed,us,pgc
2005-03-11T15:28:22.000Z,50.31,-128.72,26,4.8,mwr,126,161.2,,,us,usp000dhzy,2014-11-07T01:25:13.373Z,"120 km WSW of Port McNeill, Canada",earthquake,,,,,reviewed,pgc,pgc
2005-03-06T13:01:29.000Z,48.73,-129.07,10,4.9,mwr,130,170.6,,,us,usp000dhnx,2014-11-07T01:25:11.897Z,"236 km WSW of Tofino, Canada",earthquake,,,,,reviewed,pgc,pgc
2005-03-01T21:34:26.000Z,47.98,-129.03,10,5,mwc,198,160.7,,,us,usp000dham,2016-11-10T01:02:10.279Z,"264 km WSW of Tofino, Canada",earthquake,,,,,reviewed,pgc,hrv
2005-03-01T00:32:21.000Z,47.96,-129.1,10,5,mwc,139,164.1,,,us,usp000dh83,2016-11-10T01:02:06.755Z,"270 km WSW of Tofino, Canada",earthquake,,,,,reviewed,pgc,hrv
2005-02-28T13:50:22.000Z,47.99,-128.97,10,4.9,mwc,121,152.4,,,us,usp000dh6d,2016-11-10T01:02:06.278Z,"260 km WSW of Tofino, Canada",earthquake,,,,,reviewed,pgc,hrv
2005-02-28T13:23:46.000Z,47.98,-128.96,10,4.6,mb,63,168.6,,,us,usp000dh69,2014-11-07T01:25:05.510Z,"260 km WSW of Tofino, Canada",earthquake,,,,12,reviewed,pgc,us
2005-02-28T12:49:21.000Z,47.96,-129.04,10,5,mwc,206,105.6,,,us,usp000dh64,2016-11-10T01:02:05.318Z,"266 km WSW of Tofino, Canada",earthquake,,,,,reviewed,pgc,hrv
2005-02-07T06:23:32.000Z,51.24,-131.15,10,5,mwc,195,137.1,,,us,usp000dfnc,2016-11-10T01:01:04.351Z,"294 km WNW of Port McNeill, Canada",earthquake,,,,,reviewed,pgc,hrv
2005-02-03T15:36:08.550Z,50.275,-129.833,10,5,mwr,88,151.9,,1.03,us,usp000dff1,2014-11-07T01:24:55.376Z,"198 km W of Port McNeill, Canada",earthquake,,,,,reviewed,us,pgc
2004-12-26T05:48:54.000Z,49,-129.68,10,4.5,mb,50,171.4,,,us,usp000dbgv,2014-11-07T01:24:22.415Z,"257 km SW of Port McNeill, Canada",earthquake,,,,7,reviewed,pgc,us
2004-11-15T17:51:55.990Z,50.477,-130.201,10,5,mwr,63,178.8,,1.25,us,usp000d8hv,2014-11-07T01:24:01.204Z,"221 km W of Port McNeill, Canada",earthquake,,,,,reviewed,us,pgc
2004-11-15T17:45:36.980Z,50.569,-130.199,10,4.7,mwr,20,237.4,,0.81,us,usp000d8hs,2014-11-07T01:24:01.198Z,"220 km W of Port McNeill, Canada",earthquake,,,,,reviewed,us,pgc
2004-11-04T00:04:01.840Z,49.625,-128.337,10,4.7,mwr,22,182.5,,1.06,us,usp000d7nd,2014-11-07T01:23:55.610Z,"139 km SW of Port McNeill, Canada",earthquake,,,,,reviewed,us,pgc
2004-11-02T19:23:20.870Z,49.394,-128.642,10,4.5,mb,37,179.8,,1.09,us,usp000d7jb,2014-11-07T01:23:54.918Z,"173 km SW of Port McNeill, Canada",earthquake,,,,6,reviewed,us,us
2004-11-02T17:23:42.000Z,49.572,-128.589,10,5.2,mwc,132,99.2,,1.2,us,usp000d7j5,2016-11-10T00:50:47.467Z,"156 km SW of Port McNeill, Canada",earthquake,,,,,reviewed,us,hrv
2004-11-02T15:08:34.080Z,49.515,-128.715,10,4.9,mwr,81,106.4,,0.92,us,usp000d7hv,2014-11-07T01:23:54.751Z,"167 km SW of Port McNeill, Canada",earthquake,,,,,reviewed,us,pgc
2004-11-02T14:03:44.140Z,49.237,-129.051,10,5.1,mwc,147,79.3,,1.05,us,usp000d7hs,2016-11-10T00:50:46.984Z,"206 km SW of Port McNeill, Canada",earthquake,,,,,reviewed,us,hrv
2004-11-02T13:11:05.130Z,49.259,-128.98,10,5.2,mwr,139,162.5,,0.96,us,usp000d7hp,2014-11-07T01:23:54.644Z,"201 km SW of Port McNeill, Canada",earthquake,,,,,reviewed,us,pgc
2004-11-02T11:47:11.730Z,49.201,-128.973,10,5.2,mwr,88,166.9,,1.09,us,usp000d7he,2014-11-07T01:23:54.528Z,"205 km SW of Port McNeill, Canada",earthquake,,,,,reviewed,us,pgc
2004-11-02T10:02:12.820Z,49.277,-128.772,10,6.7,mwb,459,37.3,,1.17,us,usp000d7h4,2021-02-24T22:59:22.355Z,"189 km SW of Port McNeill, Canada",earthquake,,,,,reviewed,us,us
2004-11-02T09:30:47.320Z,49.4,-128.652,10,5.1,mwc,110,140.7,,1.11,us,usp000d7h2,2016-11-10T00:50:44.883Z,"173 km SW of Port McNeill, Canada",earthquake,,,,,reviewed,us,hrv
2004-10-28T15:46:39.860Z,49.751,-129.32,10,4.8,mwr,113,166.1,,0.92,us,usp000d78j,2014-11-07T01:23:50.076Z,"184 km WSW of Port McNeill, Canada",earthquake,,,,,reviewed,us,pgc
2004-07-31T00:35:23.000Z,52.69,-132.07,20,4.9,mwr,195,134.1,,,us,usp000d15n,2014-11-07T01:23:02.726Z,"214 km SSW of Prince Rupert, Canada",earthquake,,,,,reviewed,pgc,pgc
2004-07-20T02:01:49.000Z,49.46,-127.24,27,4.5,mb,47,152,,,us,usp000d0h4,2014-11-07T01:22:56.058Z,"89 km SW of Vernon, Canada",earthquake,,,,5,reviewed,pgc,us
2004-07-19T08:01:49.460Z,49.623,-126.967,23.7,6.4,mwb,393,27.3,,1.04,us,usp000d0fx,2021-02-24T23:00:17.948Z,"62 km SW of Vernon, Canada",earthquake,,,,,reviewed,us,us
2004-07-15T12:06:52.400Z,49.695,-126.855,18.7,5.9,mwb,354,62.5,,1.02,us,usp000d07f,2016-11-10T00:40:19.812Z,"51 km SW of Vernon, Canada",earthquake,,,,,reviewed,us,us
2004-02-28T02:05:17.000Z,50.96,-130.65,10,4.8,mwc,43,174.1,,,us,usp000cnk4,2016-11-10T00:27:21.477Z,"254 km W of Port McNeill, Canada",earthquake,,,,,reviewed,pgc,hrv
2004-02-28T02:00:43.000Z,50.933,-130.63,10,4.7,mwc,20,184.7,,,us,usp000cnk1,2016-11-10T00:27:20.969Z,"252 km W of Port McNeill, Canada",earthquake,,,,,reviewed,pgc,hrv
2004-02-28T01:57:41.000Z,50.945,-130.644,10,4.7,mwc,29,194.3,,,us,usp000cnk0,2016-11-10T00:27:20.456Z,"254 km W of Port McNeill, Canada",earthquake,,,,,reviewed,pgc,hrv
2004-01-25T15:12:23.000Z,49.1,-128.06,10,5.4,mwc,215,118,,,us,usp000cjnd,2016-11-10T00:24:35.890Z,"157 km W of Tofino, Canada",earthquake,,,,,reviewed,pgc,hrv
2004-01-15T04:45:54.000Z,49.15,-127.94,10,4.7,mw,80,171.9,,,us,usp000chx7,2014-11-07T01:21:04.627Z,"148 km W of Tofino, Canada",earthquake,,,,,reviewed,pgc,pgc
2003-12-19T05:32:52.000Z,48.85,-129.19,10,5.4,mwc,177,124.4,,,us,usp000cfhy,2016-11-10T00:14:22.391Z,"242 km W of Tofino, Canada",earthquake,,,,,reviewed,pgc,hrv
2003-11-07T14:21:42.000Z,48.82,-129.09,10,4.6,mb,125,152.3,,,us,usp000cca0,2014-11-07T01:20:25.598Z,"235 km W of Tofino, Canada",earthquake,,,,20,reviewed,pgc,us
2003-10-23T08:16:19.500Z,50.48,-130.31,10,4.9,mw,58,177.5,,,us,usp000cb2g,2014-11-07T01:20:14.727Z,"228 km W of Port McNeill, Canada",earthquake,,,,,reviewed,pgc,pgc
2003-05-29T05:28:17.000Z,48.48,-128.81,10,4.8,mb,167,172.1,,,us,usp000byez,2014-11-07T01:18:44.250Z,"225 km WSW of Tofino, Canada",earthquake,,,,58,reviewed,pgc,us
2002-12-13T15:51:31.000Z,50.17,-130.29,10,5.4,mwc,217,,,,us,usp000bkmg,2016-11-10T00:11:36.690Z,"232 km WSW of Port McNeill, Canada",earthquake,,,,,reviewed,pgc,hrv
2002-11-23T22:10:56.000Z,50.7,-130.56,10,4.5,mb,102,,,,us,usp000bj8w,2014-11-07T01:17:10.707Z,"245 km W of Port McNeill, Canada",earthquake,,,,17,reviewed,pgc,us
2002-11-03T01:49:25.000Z,51.31,-131.12,10,5.6,mwc,447,,,,us,usp000bfy7,2016-11-09T04:39:41.339Z,"294 km WNW of Port McNeill, Canada",earthquake,,,,,reviewed,pgc,hrv
2002-10-11T01:09:39.000Z,48.49,-128.84,10,4.7,mb,161,,,,us,usp000be7z,2014-11-07T01:16:43.991Z,"Vancouver Island, Canada region",earthquake,,,,20,reviewed,pgc,us
2002-08-17T16:06:27.000Z,49.96,-120.29,10,4.5,mb,108,,,,us,usp000ba34,2014-11-07T01:16:17.298Z,"39 km ESE of Merritt, Canada",earthquake,,,,23,reviewed,pgc,us
2002-06-06T15:37:54.000Z,50.08,-130.29,10,4.5,mb,81,,,,us,usp000b5n6,2014-11-07T01:15:46.715Z,"235 km WSW of Port McNeill, Canada",earthquake,,,,14,reviewed,pgc,us
2002-04-04T04:29:08.000Z,50.53,-130.41,10,5,mw,101,,,,us,usp000b1pk,2014-11-07T01:15:20.875Z,"235 km W of Port McNeill, Canada",earthquake,,,,,reviewed,pgc,pgc
2002-02-20T03:17:14.000Z,51.13,-131.1,10,5.1,mw,107,,,,us,usp000ayte,2014-11-07T01:14:56.611Z,"288 km W of Port McNeill, Canada",earthquake,,,,,reviewed,pgc,pgc
2002-01-28T11:41:26.000Z,50.27,-130.24,10,4.7,mw,75,,,,us,usp000axb9,2014-11-07T01:14:45.844Z,"226 km W of Port McNeill, Canada",earthquake,,,,,reviewed,pgc,pgc
2001-10-12T05:02:34.000Z,52.63,-132.2,20,6.1,mwc,432,,,,us,usp000aqrg,2016-11-10T00:48:39.450Z,"225 km SSW of Prince Rupert, Canada",earthquake,,,,,reviewed,pgc,hrv
2001-09-18T00:30:50.000Z,48.49,-128.76,10,5.1,mw,137,,,,us,usp000apcr,2014-11-07T01:13:48.928Z,"Vancouver Island, Canada region",earthquake,,,,,reviewed,pgc,pgc
2001-09-16T23:20:09.000Z,48.54,-128.6,10,5.8,mwb,278,,,,us,usp000apan,2016-11-09T23:29:53.944Z,"209 km WSW of Tofino, Canada",earthquake,,,,,reviewed,pgc,us
2001-09-15T10:50:39.000Z,48.56,-128.56,10,5.5,mwc,270,,,,us,usp000ap7j,2016-11-09T23:29:22.906Z,"205 km WSW of Tofino, Canada",earthquake,,,,,reviewed,pgc,hrv
2001-09-14T20:46:22.000Z,48.78,-128.69,10,5,mb,177,,,,us,usp000ap6p,2014-11-07T01:13:48.135Z,"207 km WSW of Tofino, Canada",earthquake,,,,52,reviewed,pgc,us
2001-09-14T05:38:53.000Z,48.7,-128.46,10,4.7,mb,121,,,,us,usp000ap54,2014-11-07T01:13:47.953Z,"193 km WSW of Tofino, Canada",earthquake,,,,21,reviewed,pgc,us
2001-09-14T04:45:08.000Z,48.69,-128.71,10,6,mwc,391,,,,us,usp000ap50,2016-11-09T23:28:54.034Z,"211 km WSW of Tofino, Canada",earthquake,,,,,reviewed,pgc,hrv
2001-09-13T09:56:58.000Z,48.79,-128.62,10,5.1,mwc,257,,,,us,usp000ap3g,2016-11-09T23:28:22.495Z,"202 km WSW of Tofino, Canada",earthquake,,,,,reviewed,pgc,hrv
2001-09-13T05:43:12.000Z,48.75,-128.55,10,4.6,mb,44,,,,us,usp000ap31,2014-11-07T01:13:47.602Z,"198 km WSW of Tofino, Canada",earthquake,,,,16,reviewed,pgc,us
2001-09-12T22:30:21.000Z,48.72,-128.67,10,5.2,mb,166,,,,us,usp000ap2n,2014-11-07T01:13:47.531Z,"208 km WSW of Tofino, Canada",earthquake,,,,63,reviewed,pgc,us
2001-09-12T22:24:54.000Z,48.72,-128.64,10,5.3,mwc,125,,,,us,usp000ap2m,2016-11-09T23:27:50.924Z,"205 km WSW of Tofino, Canada",earthquake,,,,,reviewed,pgc,hrv
2001-09-12T12:50:16.000Z,48.81,-128.56,10,5.1,mb,153,,,,us,usp000ap1r,2014-11-07T01:13:47.351Z,"197 km WSW of Tofino, Canada",earthquake,,,,61,reviewed,pgc,us
2001-09-12T12:48:52.000Z,48.78,-128.65,10,4.9,mb,169,,,,us,usp000ap1q,2014-11-07T01:13:47.340Z,"205 km WSW of Tofino, Canada",earthquake,,,,53,reviewed,pgc,us
2001-09-10T06:31:34.000Z,48.82,-128.56,10,4.5,mb,112,,,,us,usp000anxx,2014-11-07T01:13:45.926Z,"197 km WSW of Tofino, Canada",earthquake,,,,22,reviewed,pgc,us
2001-09-08T06:44:45.000Z,48.83,-128.69,10,4.5,mb,79,,,,us,usp000anu5,2014-11-07T01:13:45.523Z,"206 km W of Tofino, Canada",earthquake,,,,14,reviewed,pgc,us
2001-08-01T16:19:35.000Z,49.27,-128.28,10,4.5,mb,89,,,,us,usp000akpd,2014-11-07T01:13:27.241Z,"162 km WSW of Vernon, Canada",earthquake,,,,19,reviewed,pgc,us
2001-07-09T03:26:47.000Z,50.59,-130.36,10,4.5,mb,102,,,,us,usp000aj8f,2014-11-07T01:13:15.974Z,"231 km W of Port McNeill, Canada",earthquake,,,,25,reviewed,pgc,us
2001-05-02T02:06:26.880Z,49.1618333,-126.5943333,9.513,4.7,md,6,333,,0.39,uw,uw10519098,2016-07-23T00:34:27.040Z,"50 km W of Tofino, Canada",earthquake,4.637,4.63,0.03,2,reviewed,uw,uw
2001-05-02T02:05:46.000Z,49.91,-130.15,10,5.3,mwc,196,,,,us,usp000ae9y,2016-11-09T22:25:48.339Z,"231 km WSW of Port McNeill, Canada",earthquake,,,,,reviewed,pgc,hrv
2001-04-10T09:36:06.000Z,50.48,-130.4,10,4.8,mb,168,,,,us,usp000acy2,2014-11-07T01:12:33.684Z,"235 km W of Port McNeill, Canada",earthquake,,,,57,reviewed,pgc,us
2001-01-23T14:43:12.000Z,49.17,-129.1,10,5.4,mwc,166,,,,us,usp000a881,2016-11-09T21:43:55.144Z,"214 km SW of Port McNeill, Canada",earthquake,,,,,reviewed,pgc,hrv
2001-01-23T09:39:25.000Z,49.33,-128.79,10,5.9,mwb,197,,,,us,usp000a878,2016-11-09T21:43:54.675Z,"185 km SW of Port McNeill, Canada",earthquake,,,,,reviewed,pgc,us
2001-01-20T00:14:23.000Z,50.49,-130.35,10,5.4,mwc,187,,,,us,usp000a80q,2016-11-09T21:42:32.086Z,"231 km W of Port McNeill, Canada",earthquake,,,,,reviewed,pgc,hrv
2001-01-13T11:02:38.020Z,49.257,-128.862,10,4.8,mb,65,,,0.95,us,usp000a7kq,2014-11-07T01:11:55.404Z,"195 km SW of Port McNeill, Canada",earthquake,,,,20,reviewed,us,us
2001-01-11T00:04:03.000Z,48.89,-129.31,10,6,mwc,341,,,,us,usp000a7fx,2016-11-10T00:23:05.187Z,"247 km SW of Port McNeill, Canada",earthquake,,,,,reviewed,pgc,hrv
2000-11-19T22:14:30.000Z,50.75,-130.49,10,4.6,mb,82,,,,us,usp000a4eu,2014-11-07T01:11:31.957Z,"241 km W of Port McNeill, Canada",earthquake,,,,17,reviewed,pgc,us
2000-09-27T03:45:50.460Z,50.748,-129.704,10,4.5,mb,105,,,0.72,us,usp000a0vy,2014-11-07T01:11:07.837Z,"185 km W of Port McNeill, Canada",earthquake,,,,25,reviewed,us,us
2000-06-10T15:04:43.000Z,50.53,-130.42,10,4.5,mb,99,,,,us,usp0009ucj,2014-11-07T01:10:21.520Z,"236 km W of Port McNeill, Canada",earthquake,,,,35,reviewed,pgc,us
2000-05-15T07:11:42.000Z,49.94,-130.33,10,5.5,mwc,,,,,us,usp0009szt,2016-11-09T22:31:25.484Z,"242 km WSW of Port McNeill, Canada",earthquake,,,,,reviewed,pgc,hrv
2000-05-15T05:58:13.000Z,49.99,-130.14,10,5.2,mwc,,,,,us,usp0009szp,2016-11-09T22:31:24.982Z,"227 km WSW of Port McNeill, Canada",earthquake,,,,,reviewed,pgc,hrv
2000-05-15T05:12:53.000Z,50,-130.21,10,4.5,mb,,,,,us,usp0009szh,2014-11-07T01:10:08.380Z,"232 km WSW of Port McNeill, Canada",earthquake,,,,19,reviewed,pgc,us
2000-04-30T10:54:04.330Z,50.989,-130.22,10,4.5,mb,,,,1.05,us,usp0009s3y,2014-11-07T01:09:57.912Z,"225 km W of Port McNeill, Canada",earthquake,,,,25,reviewed,us,us
2000-04-30T10:13:02.890Z,51.011,-130.381,10,5.5,mwc,,,,1.22,us,usp0009s3w,2016-11-09T22:24:55.636Z,"236 km W of Port McNeill, Canada",earthquake,,,,,reviewed,us,hrv
2000-04-30T08:29:25.000Z,50.83,-130.65,10,5.2,mwc,,,,,us,usp0009s3p,2016-11-09T22:24:55.105Z,"253 km W of Port McNeill, Canada",earthquake,,,,,reviewed,pgc,hrv
2000-02-21T22:35:50.000Z,49.19,-130.06,10,4.7,mb,,,,,us,usp0009nta,2014-11-07T01:09:32.363Z,"264 km SW of Port McNeill, Canada",earthquake,,,,26,reviewed,pgc,us
